table,seq,column,is_pk,is_fk,type,size,description,id
chis_puf,1,id,1,,INTEGER,,CHIS public use data,t03701
chis_puf,2,aa5c,,,INTEGER,2,ENROLLED MEMBER IN RECOGNIZED TRIBE,c03701002
chis_puf,3,ab1,,,INTEGER,1,GENERAL HEALTH CONDITION,c03701003
chis_puf,4,ab100,,,INTEGER,2,HAD FLU SHOT OR NASAL FLU VACCINE,c03701004
chis_puf,5,ab106_p,,,INTEGER,2,ER/URGT CARE VISIT FOR ASTHMA PAST YR (CURRENT ASTHMATIC) (PUF RECODE),c03701005
chis_puf,6,ab108,,,INTEGER,2,CONFIDENCE TO CONTROL AND MANAGE ASTHMA,c03701006
chis_puf,7,ab109,,,INTEGER,2,VISITED ER FOR DIABETES IN PAST 12 MOS,c03701007
chis_puf,8,ab110_p,,,INTEGER,2,VISITED ER FOR DIABETES BECAUSE UNABLE TO SEE OWN DR (PUF RECODE),c03701008
chis_puf,9,ab111,,,INTEGER,2,ADMITTED TO HOSPITAL OVERNIGHT OR LONGER FOR DIABETES PAST 12 MOS,c03701009
chis_puf,10,ab112,,,INTEGER,2,MEDICAL PROVIDERS DEVELOP DIABETES CARE,c0370100a
chis_puf,11,ab113,,,INTEGER,2,HAVE WRITTEN COPY OF DIABETES CARE PLAN,c0370100b
chis_puf,12,ab114,,,INTEGER,2,CONFIDENCE TO CONTROL AND MANAGE DIABETES,c0370100c
chis_puf,13,ab115,,,INTEGER,2,VISITED ER FOR HEART DISEASE IN PAST 12 MOS,c0370100d
chis_puf,14,ab116_p,,,INTEGER,2,VISITED ER FOR HEART DX B/C UNABLE TO SEE OWN DR (PUF RECODE),c0370100e
chis_puf,15,ab117,,,INTEGER,2,ADMITTED TO HOSPITAL OVERNIGHT/LONGER FOR HEART DX PAST 12 MOS,c0370100f
chis_puf,16,ab118,,,INTEGER,2,MEDICAL PROVIDERS DEVELOPED HEART DISEASE PLAN,c0370100g
chis_puf,17,ab119,,,INTEGER,2,HAVE WRITTEN COPY OF HEART DISEASE CARE,c0370100h
chis_puf,18,ab120,,,INTEGER,2,CONFIDENCE TO CONTROL AND MANAGE HEART DISEASE,c0370100i
chis_puf,19,ab127,,,INTEGER,2,"HAD JOINT PAIN, STIFFNESS PAST 30 DAYS",c0370100j
chis_puf,20,ab142,,,INTEGER,2,PROF MAKE RECOMNDS TO AVOID FALLING,c0370100k
chis_puf,21,ab143,,,INTEGER,2,PROF RECOMND CHANGE MEDS DUE TO FALLS,c0370100l
chis_puf,22,ab144,,,INTEGER,2,PROF RECOMND PHYS THRPY/EXERC DUE TO FALLS,c0370100m
chis_puf,23,ab145,,,INTEGER,2,PROF RECOMND HOME CHANGES DUE TO FALLS,c0370100n
chis_puf,24,ab146,,,INTEGER,2,PROF RECOMND CANE/WALKER DUE TO FALLS,c0370100o
chis_puf,25,ab147,,,INTEGER,2,PROF RECOMND CHANGE ROUTINE DUE TO FALLS,c0370100p
chis_puf,26,ab16,,,INTEGER,2,LIMITATION OF ACTIVITIES B/C OF JOINT PROBLEMS,c0370100q
chis_puf,27,ab17,,,INTEGER,1,DOCTOR EVER TOLD HAVE ASTHMA,c0370100r
chis_puf,28,ab18,,,INTEGER,2,TAKING DAILY MEDICATION TO CONTROL ASTHMA,c0370100s
chis_puf,29,ab19,,,INTEGER,2,HOW OFTEN HAD ASTHMA SYMPTOMS IN PAST 12 MOS: CURRENT ASTHMATICS,c0370100t
chis_puf,30,ab22,,,INTEGER,1,DOCTOR EVER TOLD HAVE DIABETES,c0370100u
chis_puf,31,ab23_p,,,INTEGER,2,AGE FIRST TOLD HAVE DIABETES (PUF RECODE),c0370100v
chis_puf,32,ab24,,,INTEGER,2,CURRENTLY TAKING INSULIN,c0370100w
chis_puf,33,ab25,,,INTEGER,2,CURRENTLY TAKING DIABETIC PILLS TO LOWER BLOOD SUGAR,c0370100x
chis_puf,34,ab26,,,INTEGER,4,# OF TIMES R/R'S FAMILY/R'S FRIEND CHECK BLOOD FOR GLUCOSE,c0370100y
chis_puf,35,ab27,,,INTEGER,3,# OF TIMES DOC CHECKED FOR HEMOGLOBIN A ONE C LAST YR,c0370100z
chis_puf,36,ab28,,,INTEGER,2,# OF TIMES DOC CHECKED FEET FOR SORES LAST YR,c0370100A
chis_puf,37,ab29,,,INTEGER,1,DOCTOR EVER TOLD HAVE HIGH BLOOD PRESSURE,c0370100B
chis_puf,38,ab30,,,INTEGER,2,CURRENTLY TAKING MEDICATIONS TO CONTROL HIGH BLOOD PRESSURE,c0370100C
chis_puf,39,ab34,,,INTEGER,1,DOCTOR EVER TOLD HAVE ANY KIND OF HEART DISEASE,c0370100D
chis_puf,40,ab40,,,INTEGER,2,STILL HAS ASTHMA,c0370100E
chis_puf,41,ab41,,,INTEGER,2,ASTHMA EPISODE/ATTACK IN PAST 12 MOS,c0370100F
chis_puf,42,ab42,,,INTEGER,3,WORKDAYS MISSED DUE TO ASTHMA IN PAST 12 MOS,c0370100G
chis_puf,43,ab43,,,INTEGER,2,HEALTH PROFESSIONAL EVER GAVE ASTHMA MANAGEMENT PLAN,c0370100H
chis_puf,44,ab51,,,INTEGER,2,TYPE I OR TYPE II DIABETES,c0370100I
chis_puf,45,ab52,,,INTEGER,2,EVER TOLD HAVE HEART FAILURE/CONGESTIVE,c0370100J
chis_puf,46,ab57,,,INTEGER,2,KIND OF PLACE GOT LAST FLU SHOT,c0370100K
chis_puf,47,ab60,,,INTEGER,2,HOW FIRST FOUND OUT HAD BREAST CANCER,c0370100L
chis_puf,48,ab63,,,INTEGER,2,LAST EYE EXAM DILATED PUPILS,c0370100M
chis_puf,49,ab64,,,INTEGER,1,DOCTOR EVER TOLD HAVE ARTH/GOUT/LUPUS,c0370100N
chis_puf,50,ab66,,,INTEGER,2,HOW OFTEN HAD ASTHMA SYMPTOMS IN PAST 12 MOS: PREVIOUS ASTHMATICS,c0370100O
chis_puf,51,ab67,,,INTEGER,2,ER/URGENT CRE VISIT FOR ASTHMA LAST 12 MOS: PREVIOUS ASTHMATICS,c0370100P
chis_puf,52,ab80,,,INTEGER,2,HOSPITAL OVERNIGHT FOR ASTHMA PAST 12 MOS: PREVIOUS ASTHMATICS,c0370100Q
chis_puf,53,ab81,,,INTEGER,2,DOCTOR TOLD HAD DIABETES ONLY DURING PREGNANCY,c0370100R
chis_puf,54,ab91,,,INTEGER,2,RECEIVED MEDICAL CARE BECAUSE OF FALLS,c0370100S
chis_puf,55,ab92,,,INTEGER,2,PROF TALKED ABOUT HOW TO AVOID FALLS,c0370100T
chis_puf,56,ab93,,,INTEGER,2,PROF REVIEWED MEDS DUE TO FALLS,c0370100U
chis_puf,57,ab94,,,INTEGER,2,STARTED PHYS THRPY/EXERC DUE TO FALLS,c0370100V
chis_puf,58,ab95,,,INTEGER,2,CHANGED HOME DUE TO FALLS,c0370100W
chis_puf,59,ab96,,,INTEGER,2,STARTED TO USE CANE/WALKER DUE TO FALLS,c0370100X
chis_puf,60,ab97,,,INTEGER,2,CHANGED DAILY ROUTINES DUE TO FALLS,c0370100Y
chis_puf,61,ab98,,,INTEGER,2,HAVE WRITTEN COPY OF ASTHMA CARE PLAN,c0370100Z
chis_puf,62,ab99,,,INTEGER,2,DOC EVER TOLD HAVE PRE- OR BORDERLINE DIABETES,c03701010
chis_puf,63,ac11,,,INTEGER,3,# OF TIMES DRANK SODA LAST MONTH,c03701011
chis_puf,64,ac17,,,INTEGER,1,SMOKING EVER ALLOWED INSIDE HOME,c03701012
chis_puf,65,ac31,,,INTEGER,2,# TIMES ATE FAST FOOD PAST WEEK,c03701013
chis_puf,66,ac32,,,INTEGER,1,HAD ALCOHOL PAST 12 MONTHS,c03701014
chis_puf,67,ac34,,,INTEGER,3,# DAYS HAD 5+ DRINKS PAST 12 MONTHS,c03701015
chis_puf,68,ac35,,,INTEGER,3,# DAYS HAD 4+ DRINKS PAST 12 MONTHS,c03701016
chis_puf,69,ac42_p,,,INTEGER,1,HOW OFTEN FIND FRESH FRUIT/VEG IN NEIGHB (PUF RECODE),c03701017
chis_puf,70,ac43,,,INTEGER,2,HOW OFTEN FIND FRESH FRUIT/VEG NEAR WORK,c03701018
chis_puf,71,ac44,,,INTEGER,2,NEIGHBORHOOD FRUIT/VEG AFFORDABLE,c03701019
chis_puf,72,ac45,,,INTEGER,2,WORKPLACE FRUIT/VEG AFFORDABLE,c0370101a
chis_puf,73,ac6,,,INTEGER,1,DOCTOR EVER TOLD HAD STROKE,c0370101b
chis_puf,74,ac7,,,INTEGER,2,FALLEN TO GROUND MORE THAN ONCE IN PAST YR,c0370101c
chis_puf,75,acmdnum,,,INTEGER,2,# OF DOCTOR VISITS PAST YEAR,c0370101d
chis_puf,76,ad13,,,INTEGER,2,CURRENTLY PREGNANT,c0370101e
chis_puf,77,ad14,,,INTEGER,2,EVER HAD MAMMOGRAM,c0370101f
chis_puf,78,ad17,,,INTEGER,2,HOW LONG SINCE LAST MAMMOGRAM,c0370101g
chis_puf,79,ad18,,,INTEGER,2,REASON FOR HAVING LAST MAMMOGRAM,c0370101h
chis_puf,80,ad19,,,INTEGER,2,EVER HAD MAMMOGRAM W/ ABNORMAL RESULTS,c0370101i
chis_puf,81,ad20,,,INTEGER,2,EVER HAD OPERATION TO REMOVE LUMP FROM BREAST,c0370101j
chis_puf,82,ad21,,,INTEGER,2,LUMP TURNED OUT TO BE CANCER,c0370101k
chis_puf,83,ad22_p,,,INTEGER,2,# OF BREAST OPERATIONS TO REMOVE NONCANCER (PUF RECODE),c0370101l
chis_puf,84,ad23,,,INTEGER,2,EVER HAVE OTHER TESTS/SURGERIES WHEN MAMMOGRAM ABNORMAL,c0370101m
chis_puf,85,ad25,,,INTEGER,2,MAIN REASON FOR HAVING NO MAMMOGRAM,c0370101n
chis_puf,86,ad26,,,INTEGER,2,DOCTOR RECOMMENDED MAMMOGRAM IN PAST TWO YRS,c0370101o
chis_puf,87,ad32,,,INTEGER,3,# OF CIGARETTES PER DAY,c0370101p
chis_puf,88,ad34,,,INTEGER,2,# OF DAYS PER WEEK ANY SMOKING INSIDE HOME,c0370101q
chis_puf,89,ad37w,,,INTEGER,1,WALKED AT LEAST 10 MIN FOR TRANSPORT PAST 7 DAYS,c0370101r
chis_puf,90,ad38w,,,INTEGER,2,# TIMES WALKED AT LEAST 10 MIN FOR TRANSPORT PAST 7 DAYS,c0370101s
chis_puf,91,ad39w,,,INTEGER,3,AVERAGE LENGTH OF TIME WALKED FOR TRANSPORTION (MINS),c0370101t
chis_puf,92,ad40w,,,INTEGER,2,WALKED AT LEAST 10 MIN FOR LEISURE PAST 7 DAYS,c0370101u
chis_puf,93,ad41w,,,INTEGER,2,# TIMES WALKED AT LEAST 10 MIN FOR LEISURE PAST 7 DAYS,c0370101v
chis_puf,94,ad42w,,,INTEGER,3,AVERAGE LENGTH OF TIME WALKED FOR LEISURE (MINS),c0370101w
chis_puf,95,ad50,,,INTEGER,1,BLIND/DEAF OR HAS SEVERE VISION/HEARING PROBLEM,c0370101x
chis_puf,96,ad51,,,INTEGER,1,"HAS DIFFICULTY LEARNING, REMEMBERING, CONCENTRATING",c0370101y
chis_puf,97,ad52,,,INTEGER,1,"HAS DIFFICULTY DRESSING, BATHING, GETTING AROUND",c0370101z
chis_puf,98,ad53,,,INTEGER,1,HAS DIFFICULTY GOING OUTSIDE HOME ALONE,c0370101A
chis_puf,99,ad54,,,INTEGER,2,HAS DIFFICULTY WORKING AT A JOB,c0370101B
chis_puf,100,ad57,,,INTEGER,1,CONDITION LIMITS BASIC PHYS ACTIVITY,c0370101C
chis_puf,101,ae15,,,INTEGER,1,SMOKED 100 OR MORE CIGARETTES IN ENTIRE LIFETIME,c0370101D
chis_puf,102,ae15a,,,INTEGER,2,"SMOKES CIGARETTES EVERYDAY, SOME DAYS OR NOT AT ALL",c0370101E
chis_puf,103,ae16,,,INTEGER,2,# OF CIGARETTES PER DAY,c0370101F
chis_puf,104,ae2,,,INTEGER,3,# TIMES ATE FRUIT IN PAST MO,c0370101G
chis_puf,105,ae3,,,INTEGER,3,"# TIMES ATE FRNCH FRIES, HME FRIES, HSH BRWNS IN PAST MO",c0370101H
chis_puf,106,ae30,,,INTEGER,1,FLU SHOT IN PAST 12 MOS,c0370101I
chis_puf,107,ae50,,,INTEGER,2,MOST RECENT MAMMOGRAM RECOMENDED BY DOCT,c0370101J
chis_puf,108,ae7,,,INTEGER,3,# OF TIMES ATE VEGETABLES IN PAST MO,c0370101K
chis_puf,109,ae91,,,INTEGER,2,PROPORTION PAID FOR COST OF MOST RECENT MAMMOGRAM,c0370101L
chis_puf,110,ae92,,,INTEGER,2,DOCTOR EVER TOLD WOMEN OWN AGE NEED MAMMOGRAM EVERY OTHER YR,c0370101M
chis_puf,111,ae94,,,INTEGER,2,DOCTOR EVER DISCUSSED WHEN TO STOP MAMMOGRAMS,c0370101N
chis_puf,112,ae_fries,,,INTEGER,2,# OF TIME EATING FRIES PER WEEK,c0370101O
chis_puf,113,ae_fruit,,,INTEGER,3,# OF TIMES EATING FRUIT PER WEEK,c0370101P
chis_puf,114,ae_soda,,,INTEGER,2,# OF TIMES DRINKING SODA PER WEEK,c0370101Q
chis_puf,115,ae_vegi,,,INTEGER,2,# OF TIMES EATING VEGETABLES PER WEEK,c0370101R
chis_puf,116,af37,,,INTEGER,2,DOCTOR EXAMINED BREAST FOR LUMPS PAST 12 MOS,c0370101S
chis_puf,117,af62,,,INTEGER,2,ANY MONTH PAST 12 MONTHS FELT WORSE,c0370101T
chis_puf,118,af63,,,INTEGER,2,FEEL NERVOUS WORST MONTH,c0370101U
chis_puf,119,af64,,,INTEGER,2,FEEL HOPELESS WORST MONTH,c0370101V
chis_puf,120,af65,,,INTEGER,2,FEEL RESTLESS WORST MONTH,c0370101W
chis_puf,121,af66,,,INTEGER,2,FEEL DEPRESSED WORST MONTH,c0370101X
chis_puf,122,af67,,,INTEGER,2,FEEL EVERYTHING AN EFFORT WORST MONTH,c0370101Y
chis_puf,123,af68,,,INTEGER,2,FEEL WORTHLESS WORST MONTH,c0370101Z
chis_puf,124,af69b,,,INTEGER,2,EMOTIONS INTERFERE W/WORK WORST MONTH,c03701020
chis_puf,125,af70b,,,INTEGER,2,EMOTIONS INTERFERE W/CHORES WORST MONTH,c03701021
chis_puf,126,af71b,,,INTEGER,2,EMOTIONS INTERFERE W/SOCIAL LIFE WORST MONTH,c03701022
chis_puf,127,af72b,,,INTEGER,2,EMOTIONS INTERFERE W/RELATIONSHIPS WORST MONTH,c03701023
chis_puf,128,ag10,,,INTEGER,2,RESPONDENT USUALLY WORKS,c03701024
chis_puf,129,ag11,,,INTEGER,2,SPOUSE USUALLY WORKS,c03701025
chis_puf,130,ag20,,,INTEGER,2,LANGUAGE SPEAK WITH FRIENDS,c03701026
chis_puf,131,ag21,,,INTEGER,2,"LANGUAGE OF TV, RADIO, NEWSPAPERS",c03701027
chis_puf,132,ag22,,,INTEGER,1,EVER SERVE IN U.S. ARMED FORCES,c03701028
chis_puf,133,ag8,,,INTEGER,2,WORK STATUS OF SPOUSE LAST WEEK,c03701029
chis_puf,134,ag9,,,INTEGER,2,TYPE OF EMPLOYER ON SPOUSE'S MAIN JOB,c0370102a
chis_puf,135,ah1,,,INTEGER,1,HAVE USUAL SOURCE OF HEALTH CARE,c0370102b
chis_puf,136,ah100,,,INTEGER,2,ANYONE HELP FIND HEALTH PLAN,c0370102c
chis_puf,137,ah101_p,,,INTEGER,2,PERSON WHO HELPED FIND HEALTH PLAN (PUF RECODE),c0370102d
chis_puf,138,ah102_p,,,INTEGER,2,# NIGHTS IN HOSPITAL PAST 12 MOS (PUF RECODE),c0370102e
chis_puf,139,ah103,,,INTEGER,2,BUY HEALTH PLAN DIRECTLY FROM INS CO/HMO,c0370102f
chis_puf,140,ah12,,,INTEGER,2,VISITED EMERGENCY ROOM FOR OWN HEALTH IN PAST 12 MOS,c0370102g
chis_puf,141,ah13a,,,INTEGER,2,ER/URGENT CRE VISIT FOR ASTHMA LAST 12 MOS: CURRENT ASTHMATICS,c0370102h
chis_puf,142,ah14,,,INTEGER,2,PATIENT IN HOSP OVERNIGHT DURING PAST 12 MOS,c0370102i
chis_puf,143,ah15a,,,INTEGER,2,HOSPITAL OVERNIGHT FOR ASTHMA PAST 12 MOS: CURRENT ASTHMATICS,c0370102j
chis_puf,144,ah16,,,INTEGER,1,DELAY GETTING PRESCRIPTION IN PAST 12 MO,c0370102k
chis_puf,145,ah22,,,INTEGER,1,DELAY OTHER MEDICAL CARE IN PAST 12 MOS,c0370102l
chis_puf,146,ah3,,,INTEGER,2,KIND OF PLACE FOR USUAL SOURCE OF HEALTH CARE,c0370102m
chis_puf,147,ah33new,,,INTEGER,1,BORN IN U.S.,c0370102n
chis_puf,148,ah34new,,,INTEGER,2,MOTHER BORN IN U.S.,c0370102o
chis_puf,149,ah35new,,,INTEGER,2,FATHER BORN IN U.S.,c0370102p
chis_puf,150,ah37,,,INTEGER,2,HOW WELL YOU SPEAK ENGLISH,c0370102q
chis_puf,151,ah43a,,,INTEGER,2,LIVING WITH A PARENT,c0370102r
chis_puf,152,ah44,,,INTEGER,2,SPOUSE LIVING IN SAME HOUSEHOLD,c0370102s
chis_puf,153,ah44a,,,INTEGER,2,USED PAID CHILDCARE FOR CHILDREN UNDER 14,c0370102t
chis_puf,154,ah49,,,INTEGER,2,MEDICARE COVERAGE PROVIDED THROUGH HMO,c0370102u
chis_puf,155,ah5,,,INTEGER,3,# TIMES SAW MD IN PAST 12 MOS,c0370102v
chis_puf,156,ah50_p,,,INTEGER,2,NAME OF MEDICARE HMO PLAN (PUF RECODE),c0370102w
chis_puf,157,ah52,,,INTEGER,2,SIGN UP FOR MEDICARE HMO DIRECTLY OR OTHERWISE,c0370102x
chis_puf,158,ah6,,,INTEGER,2,HOW LONG SINCE LAST SAW DOCTOR ABOUT OWN HEALTH,c0370102y
chis_puf,159,ah71,,,INTEGER,2,"HEALTH PLAN DEDUCTIBLE MORE THAN $1,000",c0370102z
chis_puf,160,ah72,,,INTEGER,2,"HEALTH PLAN DEDUCTIBLE MORE THAN $2,000",c0370102A
chis_puf,161,ah73,,,INTEGER,2,SPECIAL FUND TO PAY MEDICAL EXPENSES,c0370102B
chis_puf,162,ah74,,,INTEGER,2,TRIED TO FIND HEALTH INSURANCE ON OWN,c0370102C
chis_puf,163,ah75,,,INTEGER,2,TRIED TO FIND HEALTH INSURANCE ON OWN,c0370102D
chis_puf,164,ah77,,,INTEGER,2,FREE PRENATAL CARE DURING PAST 12 MOS,c0370102E
chis_puf,165,ah95_p,,,INTEGER,2,# TIMES VISITED ER IN PAST 12 MOS (PUF RECODE),c0370102F
chis_puf,166,ah96_p,,,INTEGER,2,"HEALTH PLAN DEDUCTIBLE > $2,000 (PUF RECODE)",c0370102G
chis_puf,167,ah97_p,,,INTEGER,2,"PLAN DEDUCTIBLE COVERING ALL PERSONS >$4,000 (PUF RECODE)",c0370102H
chis_puf,168,ah98,,,INTEGER,2,DIFFICULTY FINDING PLAN WITH NEEDED COVERAGE,c0370102I
chis_puf,169,ah99,,,INTEGER,2,DIFFICULTY FINDING PLAN THAT IS AFFORDABLE,c0370102J
chis_puf,170,ahchldc,,,INTEGER,2,AMOUNT SPENT ON CHILD CARE PER WEEK,c0370102K
chis_puf,171,aheduc,,,INTEGER,2,EDUCATIONAL ATTAINMENT,c0370102L
chis_puf,172,ai15,,,INTEGER,2,MAIN REASON NOT IN EMPLOYER'S HEALTH PLAN,c0370102M
chis_puf,173,ai15a,,,INTEGER,2,MAIN REASON INELIGIBLE FOR EMPLOYER'S HEALTH PLAN,c0370102N
chis_puf,174,ai22a_p,,,INTEGER,2,NAME OF HEALTH PLAN (PUF RECODE),c0370102O
chis_puf,175,ai22c,,,INTEGER,2,MAIN HEALTH PLAN IS HMO,c0370102P
chis_puf,176,ai25,,,INTEGER,2,COVERED FOR PRESCRIPTION DRUGS,c0370102Q
chis_puf,177,ai25new,,,INTEGER,2,RX COVERAGE EDITED FOR MEDICAL/HF,c0370102R
chis_puf,178,ai28,,,INTEGER,2,HOW LONG SINCE LAST HAD HEALTH INS,c0370102S
chis_puf,179,ai33_6,,,INTEGER,2,OTHER INS: BOUGHT DIRECT,c0370102T
chis_puf,180,ai37a,,,INTEGER,2,SPOUSE COVERED BY MEDICARE SUPPL POLICY,c0370102U
chis_puf,181,ai4,,,INTEGER,2,COVERED BY MEDICARE SUPPL POLICY,c0370102V
chis_puf,182,ai45,,,INTEGER,2,MAIN REASON SPOUSE NOT IN EMPLOYER'S HEALTH PLAN,c0370102W
chis_puf,183,ai45a,,,INTEGER,2,MAIN REASON SPOUSE INELIGIBLE FOR EMPLOYER'S HEALTH PLAN,c0370102X
chis_puf,184,aj1,,,INTEGER,2,INS COVERS TREATMENT FOR MNTL HEALTH PROBLEMS,c0370102Y
chis_puf,185,aj10,,,INTEGER,2,NEEDED SOMEONE ELSE TO HELP UNDERSTAND DOCTOR,c0370102Z
chis_puf,186,aj102,,,INTEGER,2,SOUGHT APPNT W/DOC IN 2 DAYS PAST YR,c03701030
chis_puf,187,aj103,,,INTEGER,2,HOW OFTEN GET APPNT IN 2 DAYS,c03701031
chis_puf,188,aj104,,,INTEGER,2,COULD GET APPNT W/DOC IN 2 DAYS IF NEEDED,c03701032
chis_puf,189,aj105,,,INTEGER,2,KNOW RIGHTS TO INTERPRETOR DURING MED VISIT,c03701033
chis_puf,190,aj106,,,INTEGER,2,USUAL PLACE FOR HLTH CARE CHANGED PAST YR,c03701034
chis_puf,191,aj107,,,INTEGER,2,CHANGE USUAL PLACE DUE TO INSURANCE PLAN,c03701035
chis_puf,192,aj108,,,INTEGER,2,EVER USED INTERNET,c03701036
chis_puf,193,aj109,,,INTEGER,2,USED INTERNET TO FIND MED INFO PAST 12 MOS,c03701037
chis_puf,194,aj11,,,INTEGER,2,WHO HELPED YOU UNDERSTAND DOCTOR,c03701038
chis_puf,195,aj110,,,INTEGER,2,CONFIDENCE TO COMPLETE APPL ONLINE ON OWN,c03701039
chis_puf,196,aj111,,,INTEGER,2,SOMEONE TO HELP FILL OUT APPL ONLINE,c0370103a
chis_puf,197,aj112,,,INTEGER,2,HOW OFTEN DOC LISTENS CAREFULLY,c0370103b
chis_puf,198,aj113,,,INTEGER,2,HOW OFTEN DOC CLEARLY EXPLAINS WHAT TO DO,c0370103c
chis_puf,199,aj19,,,INTEGER,2,COST/NO INSUR DELAYED GETTING PRESCRIPTION,c0370103d
chis_puf,200,aj20,,,INTEGER,2,COST/NO INSR DELAYED GETTING NEEDED CARE,c0370103e
chis_puf,201,aj29,,,INTEGER,2,FEEL NERVOUS PAST 30 DAYS,c0370103f
chis_puf,202,aj30,,,INTEGER,2,FEEL HOPELESS PAST 30 DAYS,c0370103g
chis_puf,203,aj31,,,INTEGER,2,FELL RESTLESS PAST 30 DAYS,c0370103h
chis_puf,204,aj32,,,INTEGER,2,FEEL DEPRESSED PAST 30 DAYS,c0370103i
chis_puf,205,aj33,,,INTEGER,2,FEEL EVERYTHING AN EFFORT PAST 30 DAYS,c0370103j
chis_puf,206,aj34,,,INTEGER,2,FEEL WORTHLESS PAST 30 DAYS,c0370103k
chis_puf,207,aj50_p,,,INTEGER,2,LANGUAGE DOCTOR SPEAKS TO R (PUF RECODE),c0370103l
chis_puf,208,aj77,,,INTEGER,2,HAVE PERSONAL DOCTOR AS MAIN MEDICAL PROVIDER,c0370103m
chis_puf,209,aj78,,,INTEGER,2,CONTACT DOC'S OFFICE WITH MEDICAL QUESTION PAST 12 MOS,c0370103n
chis_puf,210,aj79,,,INTEGER,2,HOW OFTEN GOT RESPONSE FROM DOC'S OFFICE,c0370103o
chis_puf,211,aj8,,,INTEGER,2,HAD HARD TIME UNDERSTANDING DOCTOR LAST VISIT,c0370103p
chis_puf,212,aj80,,,INTEGER,2,DOC'S OFFICE HELP COORDINATE CARE W/ OTHER MED SVCS,c0370103q
chis_puf,213,aj81,,,INTEGER,2,DELAYED PRESCRIPTION FOR ASTHMA,c0370103r
chis_puf,214,aj82,,,INTEGER,2,DELAYED PRESCRIPTION FOR DIABETES,c0370103s
chis_puf,215,aj83,,,INTEGER,2,DELAYED PRESCRIPTION FOR HEART DISEASE,c0370103t
chis_puf,216,aj84,,,INTEGER,2,DELAYED MEDICAL CARE FOR ASTHMA,c0370103u
chis_puf,217,aj85,,,INTEGER,2,DELAYED MEDICAL CARE FOR DIABETES,c0370103v
chis_puf,218,aj86,,,INTEGER,2,DELAYED MEDICAL CARE FOR HEART DISEASE,c0370103w
chis_puf,219,aj9,,,INTEGER,2,MD SPOKE DIFFERENT LANGUAGE REASON WHY DIFFICULT TO UNDERSTAND,c0370103x
chis_puf,220,ak1,,,INTEGER,1,WORK STATUS LAST WEEK,c0370103y
chis_puf,221,ak10_p,,,INTEGER,5,RESPONDENT'S EARNINGS LAST MONTH (PUF RECODE),c0370103z
chis_puf,222,ak10a_p,,,INTEGER,5,SPOUSE'S EARNINGS LAST MONTH (PUF RECODE),c0370103A
chis_puf,223,ak2,,,INTEGER,2,MAIN REASON FOR NOT WORKING LAST WEEK,c0370103B
chis_puf,224,ak20,,,INTEGER,2,# OF HRS PER WEEK SPOUSE USUALLY WORKS,c0370103C
chis_puf,225,ak22_p,,,INTEGER,6,HOUSEHOLD'S TOTAL ANNUAL INC (PUF RECODE),c0370103D
chis_puf,226,ak23,,,INTEGER,1,"LIVE IN HOUSE, DUPLEX, BUILDING WITH 3+ UNITS, OR MOBILE HOME",c0370103E
chis_puf,227,ak25,,,INTEGER,2,OWN OR RENT HOME,c0370103F
chis_puf,228,ak28,,,INTEGER,2,HOW OFTEN FEEL SAFE IN NEIGHBORHOOD,c0370103G
chis_puf,229,ak3,,,INTEGER,2,# OF USUAL HRS WORKED PER WEEK,c0370103H
chis_puf,230,ak4,,,INTEGER,2,TYPE OF EMPLOYER AT MAIN JOB,c0370103I
chis_puf,231,ak7,,,INTEGER,3,LENGTH OF TIME WORKING AT MAIN JOB,c0370103J
chis_puf,232,ak8,,,INTEGER,2,# PEOPLE WORK FOR EMPLOYER/YOU,c0370103K
chis_puf,233,akwklng,,,INTEGER,2,TIME AT MAIN JOB,c0370103L
chis_puf,234,al15,,,INTEGER,2,RECVD ALIMONY/CHILD SUPPORT/MONEY FROM GOVT LAST MONTH,c0370103M
chis_puf,235,al16_p,,,INTEGER,4,TOTAL RECVD FROM ALIMONY/CHILD SUPPORT/GOVT LAST MONTH (PUF RECODE),c0370103N
chis_puf,236,al17,,,INTEGER,2,PAID ALIMONY OR CHILD SUPPORT LAST MONTH,c0370103O
chis_puf,237,al18_p,,,INTEGER,4,TOTAL ALIMONY/CHILD SUPPORT PAID LAST MONTH (PUF RECODE),c0370103P
chis_puf,238,al18a,,,INTEGER,2,RECVD SOCIAL SECURITY OR PENSION LAST MONTH,c0370103Q
chis_puf,239,al18b_p,,,INTEGER,4,TOTAL SOCIAL SECURITY/PENSION RECVD LAST MONTH (PUF RECODE),c0370103R
chis_puf,240,al2,,,INTEGER,2,CURRENTLY ON TANF OR CALWORKS,c0370103S
chis_puf,241,al22,,,INTEGER,2,RECEIVING SOCIAL SECURITY DISABILITY INS,c0370103T
chis_puf,242,al5,,,INTEGER,2,RECEIVING FOOD STAMP BENEFITS,c0370103U
chis_puf,243,al6,,,INTEGER,2,RECEIVING SSI (SUPPLEMENTAL SECURITY INCOME),c0370103V
chis_puf,244,al7,,,INTEGER,2,CURRENTLY ON WIC,c0370103W
chis_puf,245,am1,,,INTEGER,2,"HOW OFTEN FOOD DIDN'T LAST,COULDN'T AFFORD MORE, PAST 12 MOS",c0370103X
chis_puf,246,am19,,,INTEGER,2,PEOPLE IN NEIGHBORHOOD WILLING TO HELP EACH OTHER,c0370103Y
chis_puf,247,am2,,,INTEGER,2,HOW OFTEN COULDN'T AFFORD TO EAT BALANCED MEALS,c0370103Z
chis_puf,248,am21,,,INTEGER,2,PEOPLE IN NEIGHBORHOOD CAN BE TRUSTED,c03701040
chis_puf,249,am3,,,INTEGER,2,ALL ADULTS CUT/SKIPPED MEALS IN PAST 12 MOS FOR MONEY,c03701041
chis_puf,250,am34,,,INTEGER,2,TELEPHONE CALLS RECEIVED,c03701042
chis_puf,251,am35,,,INTEGER,2,NEIGHBORHOOD WATCHES OUT FOR CHILDREN'S SAFETY,c03701043
chis_puf,252,am36,,,INTEGER,1,DID VOLUNTEER WORK OR COMMUNITY SERVICES PAST YR,c03701044
chis_puf,253,am37,,,INTEGER,2,CURRENTLY PAYING OFF MORTGAGE/HOME LOAN,c03701045
chis_puf,254,am38,,,INTEGER,2,MAIN REASON FOR LAST MOVE,c03701046
chis_puf,255,am39,,,INTEGER,1,VOLUNTEER IN ORG DEALING W/COMM PROB PAST YR,c03701047
chis_puf,256,am3a,,,INTEGER,2,HOW OFTEN ALL ADULTS CUT/SKIPPED MEALS IN PAST 12 MOS FOR MONEY,c03701048
chis_puf,257,am4,,,INTEGER,2,ATE LESS THAN SHOULD BECAUSE OF MONEY IN PAST 12 MOS,c03701049
chis_puf,258,am40,,,INTEGER,1,MEET INFORMALLY TO DEAL W/COMM PROB PAST YR,c0370104a
chis_puf,259,am5,,,INTEGER,2,HOW OFTEN HUNGRY BUT DIDN'T EAT B/C OF MONEY IN PAST 12 MOS,c0370104b
chis_puf,260,asian8,,,INTEGER,2,ASIAN SUBTYPES- (8 TYPES) (PUF RECODE),c0370104c
chis_puf,261,asnhp2_p,,,INTEGER,2,"ASIAN GROUP - UCLA CHPR DEFINITION (PUF RECODE), UNBRIDGED",c0370104d
chis_puf,262,astcur,,,INTEGER,1,CURRENT ASTHMA STATUS,c0370104e
chis_puf,263,asts,,,INTEGER,2,ASTHMA SYMPTOMS PAST 12 MOS FOR POPULATION DIAGNOSED W/ ASTHMA,c0370104f
chis_puf,264,astyr,,,INTEGER,2,ASTHMA SYMPTOMS PAST 12 MOS FOR POPULATION CURRENTLY W/ ASTHMA,c0370104g
chis_puf,265,binge12,,,INTEGER,1,"BINGE DRINKING IN PAST YEAR. 5+ DRINKS (MALE), 4+ DRINKS (FEMALE)",c0370104h
chis_puf,266,bmi_p,,,REAL,,BODY MASS INDEX (PUF RECODE),c0370104i
chis_puf,267,catribe,,,INTEGER,2,CALIFORNIA TRIBE,c0370104j
chis_puf,268,chores2,,,INTEGER,2,CHORE IMPAIRMENT PAST 12 MONTHS,c0370104k
chis_puf,269,citizen2,,,INTEGER,1,CITIZENSHIP STATUS - 3 LEVELS,c0370104l
chis_puf,270,cntryf,,,INTEGER,2,COUNTRY FATHER BORN,c0370104m
chis_puf,271,cntrym,,,INTEGER,2,COUNTRY MOTHER BORN,c0370104n
chis_puf,272,cntrys,,,INTEGER,1,COUNTRY BORN,c0370104o
chis_puf,273,diabck,,,INTEGER,3,# OF TIMES CHECKING FOR GLUCOSE/SUGAR PER MONTH,c0370104p
chis_puf,274,diamed,,,INTEGER,2,TAKING INSULIN OR PILLS,c0370104q
chis_puf,275,disable,,,INTEGER,1,DISABILITY STATUS DUE TO PHYS/MENT/EMOT CONDITION,c0370104r
chis_puf,276,distress,,,INTEGER,2,SERIOUS PSYCHOLOGICAL DISTRESS,c0370104s
chis_puf,277,doct_yr,,,INTEGER,1,VISITED DOCTOR IN PAST 12 MOS,c0370104t
chis_puf,278,dstrs12,,,INTEGER,2,LIKELY HAS HAD PSYCHOLOGICAL DISTRESS IN THE LAST YEAR,c0370104u
chis_puf,279,dstrs30,,,INTEGER,2,LIKELY HAS HAD PSYCHOLOGICAL DISTRESS IN THE PAST MONTH,c0370104v
chis_puf,280,dstrsyr,,,INTEGER,2,SERIOUS PSYCHOLOGICAL DISTRESS FOR WORST MONTH PAST YR (K6 SCORE),c0370104w
chis_puf,281,elder_idx,,,INTEGER,2,ELDER INCOME BELOW COUNTY THRESHOLD FOR COST OF LIVING,c0370104x
chis_puf,282,eligprg3,,,INTEGER,2,MEDI-CAL (MEDICAID)/HEALTHY FAM ELIG. - UNINSURED,c0370104y
chis_puf,283,er,,,INTEGER,1,ER VISIT WITHIN THE PAST YEAR,c0370104z
chis_puf,284,fam_type,,,INTEGER,1,FAMILY TYPE,c0370104A
chis_puf,285,family2,,,INTEGER,2,FAMILY LIFE IMPAIRMENT PAST 12 MONTHS,c0370104B
chis_puf,286,famtyp_p,,,INTEGER,1,FAMILY TYPE (PUF RECODE),c0370104C
chis_puf,287,fslev,,,INTEGER,2,FOOD SECURITY STATUS LEVEL,c0370104D
chis_puf,288,fslevcb,,,INTEGER,2,FOOD SECURITY STATUS - 2 LVLS,c0370104E
chis_puf,289,heighm_p,,,REAL,,HEIGHT: METERS - UCLA (PUF RECODE),c0370104F
chis_puf,290,hghti_p,,,INTEGER,2,HEIGHT: INCHES (PUF RECODE),c0370104G
chis_puf,291,hghtm_p,,,REAL,,HEIGHT: METERS (PUF RECODE),c0370104H
chis_puf,292,hhsize_p,,,INTEGER,2,HOUSEHOLD SIZE (PUF RECODE),c0370104I
chis_puf,293,hhsmk,,,INTEGER,1,HOUSEHOLD SMOKING,c0370104J
chis_puf,294,hmo,,,INTEGER,1,HMO STATUS,c0370104K
chis_puf,295,ihs,,,INTEGER,1,COVERED BY INDIAN HEALTH SERVICES,c0370104L
chis_puf,296,ihs_s,,,INTEGER,2,SPOUSE COVERED BY INDIAN HEALTH SERVICES,c0370104M
chis_puf,297,impair2,,,REAL,,FUNCTIONAL ROLE IMPAIRMENT DUE TO EMOTIONS PAST 12 MONTHS,c0370104N
chis_puf,298,ins,,,INTEGER,1,CURRENTLY INSURED,c0370104O
chis_puf,299,ins12m,,,INTEGER,2,MOS COVERED BY HEALTH PLANS LAST 12 MOS,c0370104P
chis_puf,300,ins64_p,,,INTEGER,2,CURRENT HEALTH COVERAGE - < 65 YRS (PUF RECODE),c0370104Q
chis_puf,301,ins64s_p,,,INTEGER,2,SPOUSE'S CURRENT HEALTH COVG - < 65 YRS (PUF RECODE),c0370104R
chis_puf,302,ins65,,,INTEGER,2,TYPE OF CURRENT HEALTH COVERAGE SOURCE FOR ELDERLY 65+,c0370104S
chis_puf,303,ins65_s,,,INTEGER,2,TYPE OF CURRENT HEALTH COVERAGE FOR SPOUSE 65+,c0370104T
chis_puf,304,ins_s,,,INTEGER,2,SPOUSE CURRENTLY INSURED,c0370104U
chis_puf,305,insany,,,INTEGER,1,ANY INS IN LAST 12 MOS,c0370104V
chis_puf,306,insem,,,INTEGER,1,COVERED BY EMPLOYER-BASED PLANS,c0370104W
chis_puf,307,insem_s,,,INTEGER,2,SPOUSE COVERED BY EMPLOYER-BASED PLANS,c0370104X
chis_puf,308,insmc,,,INTEGER,1,COVERED BY MEDICARE,c0370104Y
chis_puf,309,insmc_s,,,INTEGER,2,SPOUSE COVERED BY MEDICARE,c0370104Z
chis_puf,310,insmd,,,INTEGER,1,COVERED BY MEDI-CAL,c03701050
chis_puf,311,insmd_s,,,INTEGER,2,SPOUSE COVERED BY MEDI-CAL,c03701051
chis_puf,312,insog,,,INTEGER,1,COVERED BY OTHER GOVT PLANS,c03701052
chis_puf,313,insog_s,,,INTEGER,2,SPOUSE COVERED BY OTHER GOVT PLANS,c03701053
chis_puf,314,inspr,,,INTEGER,1,COVERED BY PLANS PURCHASED ON OWN,c03701054
chis_puf,315,inspr_s,,,INTEGER,2,SPOUSE COVERED BY PLANS PURCHASED ON OWN,c03701055
chis_puf,316,insps,,,INTEGER,2,PRIMARY OR SECONDARY COVERAGE,c03701056
chis_puf,317,insps_s,,,INTEGER,2,SPOUSE PRIMARY OR SECONDARY COVERAGE,c03701057
chis_puf,318,inst_12,,,INTEGER,2,"HEALTH INS COVERAGE IN LAST 12 MOS, INCL CURRENT STATUS:8 LVLS",c03701058
chis_puf,319,instyp_p,,,INTEGER,1,TYPE OF CURRENT HEALTH COVERAGE SOURCE FOR ALL AGES (PUF RECODE),c03701059
chis_puf,320,intvlang,,,INTEGER,1,LANGUAGE OF INTERVIEW,c0370105a
chis_puf,321,langhome,,,INTEGER,2,LANGUAGE SPOKEN AT HOME,c0370105b
chis_puf,322,latin9tp,,,INTEGER,2,LATIN/HISPANIC SUBTYPES - 9 LVLS,c0370105c
chis_puf,323,mam_scrn,,,INTEGER,2,MAMMOGRAM IN PAST 2 YRS,c0370105d
chis_puf,324,marit,,,INTEGER,1,MARITAL STATUS- 3 CATEGORIES,c0370105e
chis_puf,325,marit2,,,INTEGER,1,MARITAL STATUS- 4 CATEGORIES,c0370105f
chis_puf,326,marit_45,,,INTEGER,2,MARITAL STATUS - AGE 45 AND OLDER,c0370105g
chis_puf,327,numcig,,,INTEGER,1,# OF CIGARETTES PER DAY,c0370105h
chis_puf,328,offtk,,,INTEGER,2,"OFFER, ELIGIBILITY, ACCEPTANCE OF EMPLOYER BASED INS",c0370105i
chis_puf,329,offtk_s,,,INTEGER,2,"OFFER, ELIGIBILITY, ACCEPTANCE OF EMPLOYER-BASED INS: SPOUSE",c0370105j
chis_puf,330,ombsraso,,,INTEGER,1,OMB S-R NONHISPANIC ASIAN GROUP (ONLY),c0370105k
chis_puf,331,ombsrreo,,,INTEGER,1,OMB/CURRENT DOF RACE - ETHNICITY,c0370105l
chis_puf,332,ovrwt,,,INTEGER,1,OVERWEIGHT OR OBESE,c0370105m
chis_puf,333,pctlf_p,,,INTEGER,1,PERCENT LIFE IN US (PUF RECODE),c0370105n
chis_puf,334,povgwd_p,,,REAL,,FAMILY POVERTY THRESHOLD LEVEL (PUF RECODE),c0370105o
chis_puf,335,povll,,,INTEGER,1,POVERTY LEVEL,c0370105p
chis_puf,336,povll2_p,,,REAL,,POVERTY LEVEL - 100% FPL (PUF RECODE),c0370105q
chis_puf,337,proxy,,,INTEGER,1,A PROXY INTERVIEW,c0370105r
chis_puf,338,puf_id,,,REAL,,PUBLIC USE FILE ID,c0370105s
chis_puf,339,racecen,,,INTEGER,1,RACE - CENSUS 2000 DEFINITION,c0370105t
chis_puf,340,racedof,,,INTEGER,1,FORMER DOF RACE - ETHNICITY,c0370105u
chis_puf,341,racehpr2,,,INTEGER,1,"RACE - UCLA CHPR DEFINITION, UNABRIDGED",c0370105v
chis_puf,342,rakedw0,,,REAL,,CHIS2011 RAKED WEIGHT - FULL SAMPLE,c0370105w
chis_puf,343,rakedw1,,,REAL,,CHIS2011 RAKED WEIGHT - REPLICATE 1,c0370105x
chis_puf,344,rakedw10,,,REAL,,CHIS2011 RAKED WEIGHT - REPLICATE 10,c0370105y
chis_puf,345,rakedw11,,,REAL,,CHIS2011 RAKED WEIGHT - REPLICATE 11,c0370105z
chis_puf,346,rakedw12,,,REAL,,CHIS2011 RAKED WEIGHT - REPLICATE 12,c0370105A
chis_puf,347,rakedw13,,,REAL,,CHIS2011 RAKED WEIGHT - REPLICATE 13,c0370105B
chis_puf,348,rakedw14,,,REAL,,CHIS2011 RAKED WEIGHT - REPLICATE 14,c0370105C
chis_puf,349,rakedw15,,,REAL,,CHIS2011 RAKED WEIGHT - REPLICATE 15,c0370105D
chis_puf,350,rakedw16,,,REAL,,CHIS2011 RAKED WEIGHT - REPLICATE 16,c0370105E
chis_puf,351,rakedw17,,,REAL,,CHIS2011 RAKED WEIGHT - REPLICATE 17,c0370105F
chis_puf,352,rakedw18,,,REAL,,CHIS2011 RAKED WEIGHT - REPLICATE 18,c0370105G
chis_puf,353,rakedw19,,,REAL,,CHIS2011 RAKED WEIGHT - REPLICATE 19,c0370105H
chis_puf,354,rakedw2,,,REAL,,CHIS2011 RAKED WEIGHT - REPLICATE 2,c0370105I
chis_puf,355,rakedw20,,,REAL,,CHIS2011 RAKED WEIGHT - REPLICATE 20,c0370105J
chis_puf,356,rakedw21,,,REAL,,CHIS2011 RAKED WEIGHT - REPLICATE 21,c0370105K
chis_puf,357,rakedw22,,,REAL,,CHIS2011 RAKED WEIGHT - REPLICATE 22,c0370105L
chis_puf,358,rakedw23,,,REAL,,CHIS2011 RAKED WEIGHT - REPLICATE 23,c0370105M
chis_puf,359,rakedw24,,,REAL,,CHIS2011 RAKED WEIGHT - REPLICATE 24,c0370105N
chis_puf,360,rakedw25,,,REAL,,CHIS2011 RAKED WEIGHT - REPLICATE 25,c0370105O
chis_puf,361,rakedw26,,,REAL,,CHIS2011 RAKED WEIGHT - REPLICATE 26,c0370105P
chis_puf,362,rakedw27,,,REAL,,CHIS2011 RAKED WEIGHT - REPLICATE 27,c0370105Q
chis_puf,363,rakedw28,,,REAL,,CHIS2011 RAKED WEIGHT - REPLICATE 28,c0370105R
chis_puf,364,rakedw29,,,REAL,,CHIS2011 RAKED WEIGHT - REPLICATE 29,c0370105S
chis_puf,365,rakedw3,,,REAL,,CHIS2011 RAKED WEIGHT - REPLICATE 3,c0370105T
chis_puf,366,rakedw30,,,REAL,,CHIS2011 RAKED WEIGHT - REPLICATE 30,c0370105U
chis_puf,367,rakedw31,,,REAL,,CHIS2011 RAKED WEIGHT - REPLICATE 31,c0370105V
chis_puf,368,rakedw32,,,REAL,,CHIS2011 RAKED WEIGHT - REPLICATE 32,c0370105W
chis_puf,369,rakedw33,,,REAL,,CHIS2011 RAKED WEIGHT - REPLICATE 33,c0370105X
chis_puf,370,rakedw34,,,REAL,,CHIS2011 RAKED WEIGHT - REPLICATE 34,c0370105Y
chis_puf,371,rakedw35,,,REAL,,CHIS2011 RAKED WEIGHT - REPLICATE 35,c0370105Z
chis_puf,372,rakedw36,,,REAL,,CHIS2011 RAKED WEIGHT - REPLICATE 36,c03701060
chis_puf,373,rakedw37,,,REAL,,CHIS2011 RAKED WEIGHT - REPLICATE 37,c03701061
chis_puf,374,rakedw38,,,REAL,,CHIS2011 RAKED WEIGHT - REPLICATE 38,c03701062
chis_puf,375,rakedw39,,,REAL,,CHIS2011 RAKED WEIGHT - REPLICATE 39,c03701063
chis_puf,376,rakedw4,,,REAL,,CHIS2011 RAKED WEIGHT - REPLICATE 4,c03701064
chis_puf,377,rakedw40,,,REAL,,CHIS2011 RAKED WEIGHT - REPLICATE 40,c03701065
chis_puf,378,rakedw41,,,REAL,,CHIS2011 RAKED WEIGHT - REPLICATE 41,c03701066
chis_puf,379,rakedw42,,,REAL,,CHIS2011 RAKED WEIGHT - REPLICATE 42,c03701067
chis_puf,380,rakedw43,,,REAL,,CHIS2011 RAKED WEIGHT - REPLICATE 43,c03701068
chis_puf,381,rakedw44,,,REAL,,CHIS2011 RAKED WEIGHT - REPLICATE 44,c03701069
chis_puf,382,rakedw45,,,REAL,,CHIS2011 RAKED WEIGHT - REPLICATE 45,c0370106a
chis_puf,383,rakedw46,,,REAL,,CHIS2011 RAKED WEIGHT - REPLICATE 46,c0370106b
chis_puf,384,rakedw47,,,REAL,,CHIS2011 RAKED WEIGHT - REPLICATE 47,c0370106c
chis_puf,385,rakedw48,,,REAL,,CHIS2011 RAKED WEIGHT - REPLICATE 48,c0370106d
chis_puf,386,rakedw49,,,REAL,,CHIS2011 RAKED WEIGHT - REPLICATE 49,c0370106e
chis_puf,387,rakedw5,,,REAL,,CHIS2011 RAKED WEIGHT - REPLICATE 5,c0370106f
chis_puf,388,rakedw50,,,REAL,,CHIS2011 RAKED WEIGHT - REPLICATE 50,c0370106g
chis_puf,389,rakedw51,,,REAL,,CHIS2011 RAKED WEIGHT - REPLICATE 51,c0370106h
chis_puf,390,rakedw52,,,REAL,,CHIS2011 RAKED WEIGHT - REPLICATE 52,c0370106i
chis_puf,391,rakedw53,,,REAL,,CHIS2011 RAKED WEIGHT - REPLICATE 53,c0370106j
chis_puf,392,rakedw54,,,REAL,,CHIS2011 RAKED WEIGHT - REPLICATE 54,c0370106k
chis_puf,393,rakedw55,,,REAL,,CHIS2011 RAKED WEIGHT - REPLICATE 55,c0370106l
chis_puf,394,rakedw56,,,REAL,,CHIS2011 RAKED WEIGHT - REPLICATE 56,c0370106m
chis_puf,395,rakedw57,,,REAL,,CHIS2011 RAKED WEIGHT - REPLICATE 57,c0370106n
chis_puf,396,rakedw58,,,REAL,,CHIS2011 RAKED WEIGHT - REPLICATE 58,c0370106o
chis_puf,397,rakedw59,,,REAL,,CHIS2011 RAKED WEIGHT - REPLICATE 59,c0370106p
chis_puf,398,rakedw6,,,REAL,,CHIS2011 RAKED WEIGHT - REPLICATE 6,c0370106q
chis_puf,399,rakedw60,,,REAL,,CHIS2011 RAKED WEIGHT - REPLICATE 60,c0370106r
chis_puf,400,rakedw61,,,REAL,,CHIS2011 RAKED WEIGHT - REPLICATE 61,c0370106s
chis_puf,401,rakedw62,,,REAL,,CHIS2011 RAKED WEIGHT - REPLICATE 62,c0370106t
chis_puf,402,rakedw63,,,REAL,,CHIS2011 RAKED WEIGHT - REPLICATE 63,c0370106u
chis_puf,403,rakedw64,,,REAL,,CHIS2011 RAKED WEIGHT - REPLICATE 64,c0370106v
chis_puf,404,rakedw65,,,REAL,,CHIS2011 RAKED WEIGHT - REPLICATE 65,c0370106w
chis_puf,405,rakedw66,,,REAL,,CHIS2011 RAKED WEIGHT - REPLICATE 66,c0370106x
chis_puf,406,rakedw67,,,REAL,,CHIS2011 RAKED WEIGHT - REPLICATE 67,c0370106y
chis_puf,407,rakedw68,,,REAL,,CHIS2011 RAKED WEIGHT - REPLICATE 68,c0370106z
chis_puf,408,rakedw69,,,REAL,,CHIS2011 RAKED WEIGHT - REPLICATE 69,c0370106A
chis_puf,409,rakedw7,,,REAL,,CHIS2011 RAKED WEIGHT - REPLICATE 7,c0370106B
chis_puf,410,rakedw70,,,REAL,,CHIS2011 RAKED WEIGHT - REPLICATE 70,c0370106C
chis_puf,411,rakedw71,,,REAL,,CHIS2011 RAKED WEIGHT - REPLICATE 71,c0370106D
chis_puf,412,rakedw72,,,REAL,,CHIS2011 RAKED WEIGHT - REPLICATE 72,c0370106E
chis_puf,413,rakedw73,,,REAL,,CHIS2011 RAKED WEIGHT - REPLICATE 73,c0370106F
chis_puf,414,rakedw74,,,REAL,,CHIS2011 RAKED WEIGHT - REPLICATE 74,c0370106G
chis_puf,415,rakedw75,,,REAL,,CHIS2011 RAKED WEIGHT - REPLICATE 75,c0370106H
chis_puf,416,rakedw76,,,REAL,,CHIS2011 RAKED WEIGHT - REPLICATE 76,c0370106I
chis_puf,417,rakedw77,,,REAL,,CHIS2011 RAKED WEIGHT - REPLICATE 77,c0370106J
chis_puf,418,rakedw78,,,REAL,,CHIS2011 RAKED WEIGHT - REPLICATE 78,c0370106K
chis_puf,419,rakedw79,,,REAL,,CHIS2011 RAKED WEIGHT - REPLICATE 79,c0370106L
chis_puf,420,rakedw8,,,REAL,,CHIS2011 RAKED WEIGHT - REPLICATE 8,c0370106M
chis_puf,421,rakedw80,,,REAL,,CHIS2011 RAKED WEIGHT - REPLICATE 80,c0370106N
chis_puf,422,rakedw9,,,REAL,,CHIS2011 RAKED WEIGHT - REPLICATE 9,c0370106O
chis_puf,423,rbmi,,,INTEGER,1,BMI DESCRIPTIVE,c0370106P
chis_puf,424,rsn_uni2,,,INTEGER,2,REASON FOR UNINSURED STATUS ANYTIME PAST 12 MONTHS,c0370106Q
chis_puf,425,rsn_unin,,,INTEGER,2,REASON FOR CURRENTLY UNINSURED STATUS,c0370106R
chis_puf,426,served,,,INTEGER,2,LENGTH OF TIME SERVED IN ACTIVE DUTY,c0370106S
chis_puf,427,smkcur,,,INTEGER,1,CURRENT SMOKER,c0370106T
chis_puf,428,smoking,,,INTEGER,1,CURRENT SMOKING HABITS,c0370106U
chis_puf,429,social2,,,INTEGER,2,SOCIAL LIFE IMPAIRMENT PAST 12 MONTHS,c0370106V
chis_puf,430,spk_eng,,,INTEGER,1,ENGLISH USE AND PROFICIENCY,c0370106W
chis_puf,431,sraa,,,INTEGER,1,SELF-REPORTED AFRICAN AMERICAN,c0370106X
chis_puf,432,srage_p,,,INTEGER,2,AGE (PUF RECODE),c0370106Y
chis_puf,433,srai,,,INTEGER,1,SELF-REPORTED AMERICAN INDIAN,c0370106Z
chis_puf,434,sras,,,INTEGER,1,SELF-REPORTED ASIAN,c03701070
chis_puf,435,sraso,,,INTEGER,1,SELF-REPORTED OTHER ASIAN GROUP,c03701071
chis_puf,436,srch,,,INTEGER,1,SELF-REPORTED CHINESE,c03701072
chis_puf,437,srh,,,INTEGER,1,SELF-REPORTED HISPANIC,c03701073
chis_puf,438,srkr,,,INTEGER,1,SELF-REPORTED KOREAN,c03701074
chis_puf,439,sro,,,INTEGER,1,SELF-REPORTED OTHER RACE,c03701075
chis_puf,440,srph,,,INTEGER,1,SELF-REPORTED FILIPINO,c03701076
chis_puf,441,srpi,,,INTEGER,1,SELF-REPORTED PI AND NTV HW,c03701077
chis_puf,442,srsex,,,INTEGER,1,GENDER,c03701078
chis_puf,443,srtenr,,,INTEGER,1,SELF-REPORTED HOUSEHOLD TENURE (HH),c03701079
chis_puf,444,srvt,,,INTEGER,1,SELF-REPORTED VIETNAMESE,c0370107a
chis_puf,445,srw,,,INTEGER,1,SELF-REPORTED WHITE,c0370107b
chis_puf,446,timead,,,INTEGER,4,LENGTH OF TIME LIVED AT CURRENT ADDRESS (MONTHS),c0370107c
chis_puf,447,uninsany,,,INTEGER,2,UNINSURED IN PAST 12 MOS,c0370107d
chis_puf,448,ur_bg,,,INTEGER,1,RURAL AND URBAN - CLARITAS (BY BLOCK GROUP),c0370107e
chis_puf,449,ur_clrt,,,INTEGER,1,RURAL AND URBAN - CLARITAS (BY ZIPCODE) (4 LVLS),c0370107f
chis_puf,450,ur_clrt2,,,INTEGER,1,RURAL AND URBAN - CLARITAS (BY ZIPCODE) (2 LVLS),c0370107g
chis_puf,451,ur_ihs,,,INTEGER,1,RURAL AND URBAN - IHS,c0370107h
chis_puf,452,ur_omb,,,INTEGER,1,RURAL AND URBAN - OMB,c0370107i
chis_puf,453,ur_rhp,,,INTEGER,1,RURAL AND URBAN - RHP,c0370107j
chis_puf,454,ur_tract,,,INTEGER,1,RURAL AND URBAN - CLARITAS (BY CENSUS TRACT),c0370107k
chis_puf,455,usoc,,,INTEGER,1,USUAL SOURCE OF CARE OTHER THAN ER,c0370107l
chis_puf,456,usual,,,INTEGER,1,HAVE USUAL PLACE TO GO TO WHEN SICK OR NEEDING HEALTH ADVICE,c0370107m
chis_puf,457,usual5tp,,,INTEGER,1,USUAL SOURCE OF CARE - 5 LVLS,c0370107n
chis_puf,458,usual_tp,,,INTEGER,1,USUAL SOURCE OF CARE - 7 LVLS,c0370107o
chis_puf,459,weighk_p,,,REAL,,WEIGHT: KG - UCLA (PUF RECODE),c0370107p
chis_puf,460,wghtk_p,,,REAL,,WEIGHT: KG (PUF RECODE),c0370107q
chis_puf,461,wghtp_p,,,INTEGER,3,WEIGHT: LBS (PUF RECODE),c0370107r
chis_puf,462,work2,,,INTEGER,2,WORK IMPAIRMENT PAST 12 MONTHS,c0370107s
chis_puf,463,wrkst,,,INTEGER,1,WORKING STATUS,c0370107t
chis_puf,464,wrkst_s,,,INTEGER,2,SPOUSE WORKING STATUS,c0370107u
chis_puf,465,wt18k_p,,,INTEGER,3,WEIGHT AT 18: KILOS (PUF RECODE),c0370107v
chis_puf,466,wt18p_p,,,INTEGER,3,WEIGHT AT 18: LBS (PUF RECODE),c0370107w
chis_puf,467,yrus,,,INTEGER,2,YEARS LIVED IN THE U.S.,c0370107x
,,,,,,,,
chis_puf_x,1,id,1,,INTEGER,,CHIS public use imputation flags,t03702
chis_puf_x,2,aa5c_x,,,INTEGER,3,Imputation flag for: ENROLLED MEMBER IN RECOGNIZED TRIBE,c03702002
chis_puf_x,3,ab1_x,,,INTEGER,3,Imputation flag for: GENERAL HEALTH CONDITION,c03702003
chis_puf_x,4,ab100_x,,,INTEGER,3,Imputation flag for: HAD FLU SHOT OR NASAL FLU VACCINE,c03702004
chis_puf_x,5,ab106_p_x,,,INTEGER,,Imputation flag for: ER/URGT CARE VISIT FOR ASTHMA PAST YR (CURRENT ASTHMATIC) (PUF RECODE),c03702005
chis_puf_x,6,ab108_x,,,INTEGER,3,Imputation flag for: CONFIDENCE TO CONTROL AND MANAGE ASTHMA,c03702006
chis_puf_x,7,ab109_x,,,INTEGER,3,Imputation flag for: VISITED ER FOR DIABETES IN PAST 12 MOS,c03702007
chis_puf_x,8,ab110_p_x,,,INTEGER,,Imputation flag for: VISITED ER FOR DIABETES BECAUSE UNABLE TO SEE OWN DR (PUF RECODE),c03702008
chis_puf_x,9,ab111_x,,,INTEGER,3,Imputation flag for: ADMITTED TO HOSPITAL OVERNIGHT OR LONGER FOR DIABETES PAST 12 MOS,c03702009
chis_puf_x,10,ab112_x,,,INTEGER,3,Imputation flag for: MEDICAL PROVIDERS DEVELOP DIABETES CARE,c0370200a
chis_puf_x,11,ab113_x,,,INTEGER,3,Imputation flag for: HAVE WRITTEN COPY OF DIABETES CARE PLAN,c0370200b
chis_puf_x,12,ab114_x,,,INTEGER,3,Imputation flag for: CONFIDENCE TO CONTROL AND MANAGE DIABETES,c0370200c
chis_puf_x,13,ab115_x,,,INTEGER,3,Imputation flag for: VISITED ER FOR HEART DISEASE IN PAST 12 MOS,c0370200d
chis_puf_x,14,ab116_p_x,,,INTEGER,,Imputation flag for: VISITED ER FOR HEART DX B/C UNABLE TO SEE OWN DR (PUF RECODE),c0370200e
chis_puf_x,15,ab117_x,,,INTEGER,3,Imputation flag for: ADMITTED TO HOSPITAL OVERNIGHT/LONGER FOR HEART DX PAST 12 MOS,c0370200f
chis_puf_x,16,ab118_x,,,INTEGER,3,Imputation flag for: MEDICAL PROVIDERS DEVELOPED HEART DISEASE PLAN,c0370200g
chis_puf_x,17,ab119_x,,,INTEGER,3,Imputation flag for: HAVE WRITTEN COPY OF HEART DISEASE CARE,c0370200h
chis_puf_x,18,ab120_x,,,INTEGER,3,Imputation flag for: CONFIDENCE TO CONTROL AND MANAGE HEART DISEASE,c0370200i
chis_puf_x,19,ab127_x,,,INTEGER,3,"Imputation flag for: HAD JOINT PAIN, STIFFNESS PAST 30 DAYS",c0370200j
chis_puf_x,20,ab142_x,,,INTEGER,3,Imputation flag for: PROF MAKE RECOMNDS TO AVOID FALLING,c0370200k
chis_puf_x,21,ab143_x,,,INTEGER,3,Imputation flag for: PROF RECOMND CHANGE MEDS DUE TO FALLS,c0370200l
chis_puf_x,22,ab144_x,,,INTEGER,3,Imputation flag for: PROF RECOMND PHYS THRPY/EXERC DUE TO FALLS,c0370200m
chis_puf_x,23,ab145_x,,,INTEGER,3,Imputation flag for: PROF RECOMND HOME CHANGES DUE TO FALLS,c0370200n
chis_puf_x,24,ab146_x,,,INTEGER,3,Imputation flag for: PROF RECOMND CANE/WALKER DUE TO FALLS,c0370200o
chis_puf_x,25,ab147_x,,,INTEGER,3,Imputation flag for: PROF RECOMND CHANGE ROUTINE DUE TO FALLS,c0370200p
chis_puf_x,26,ab16_x,,,INTEGER,3,Imputation flag for: LIMITATION OF ACTIVITIES B/C OF JOINT PROBLEMS,c0370200q
chis_puf_x,27,ab17_x,,,INTEGER,3,Imputation flag for: DOCTOR EVER TOLD HAVE ASTHMA,c0370200r
chis_puf_x,28,ab18_x,,,INTEGER,3,Imputation flag for: TAKING DAILY MEDICATION TO CONTROL ASTHMA,c0370200s
chis_puf_x,29,ab19_x,,,INTEGER,3,Imputation flag for: HOW OFTEN HAD ASTHMA SYMPTOMS IN PAST 12 MOS: CURRENT ASTHMATICS,c0370200t
chis_puf_x,30,ab22_x,,,INTEGER,3,Imputation flag for: DOCTOR EVER TOLD HAVE DIABETES,c0370200u
chis_puf_x,31,ab23_p_x,,,INTEGER,,Imputation flag for: AGE FIRST TOLD HAVE DIABETES (PUF RECODE),c0370200v
chis_puf_x,32,ab24_x,,,INTEGER,3,Imputation flag for: CURRENTLY TAKING INSULIN,c0370200w
chis_puf_x,33,ab25_x,,,INTEGER,3,Imputation flag for: CURRENTLY TAKING DIABETIC PILLS TO LOWER BLOOD SUGAR,c0370200x
chis_puf_x,34,ab26_x,,,INTEGER,3,Imputation flag for: # OF TIMES R/R'S FAMILY/R'S FRIEND CHECK BLOOD FOR GLUCOSE,c0370200y
chis_puf_x,35,ab27_x,,,INTEGER,3,Imputation flag for: # OF TIMES DOC CHECKED FOR HEMOGLOBIN A ONE C LAST YR,c0370200z
chis_puf_x,36,ab28_x,,,INTEGER,3,Imputation flag for: # OF TIMES DOC CHECKED FEET FOR SORES LAST YR,c0370200A
chis_puf_x,37,ab29_x,,,INTEGER,3,Imputation flag for: DOCTOR EVER TOLD HAVE HIGH BLOOD PRESSURE,c0370200B
chis_puf_x,38,ab30_x,,,INTEGER,3,Imputation flag for: CURRENTLY TAKING MEDICATIONS TO CONTROL HIGH BLOOD PRESSURE,c0370200C
chis_puf_x,39,ab34_x,,,INTEGER,3,Imputation flag for: DOCTOR EVER TOLD HAVE ANY KIND OF HEART DISEASE,c0370200D
chis_puf_x,40,ab40_x,,,INTEGER,3,Imputation flag for: STILL HAS ASTHMA,c0370200E
chis_puf_x,41,ab41_x,,,INTEGER,3,Imputation flag for: ASTHMA EPISODE/ATTACK IN PAST 12 MOS,c0370200F
chis_puf_x,42,ab42_x,,,INTEGER,3,Imputation flag for: WORKDAYS MISSED DUE TO ASTHMA IN PAST 12 MOS,c0370200G
chis_puf_x,43,ab43_x,,,INTEGER,3,Imputation flag for: HEALTH PROFESSIONAL EVER GAVE ASTHMA MANAGEMENT PLAN,c0370200H
chis_puf_x,44,ab51_x,,,INTEGER,3,Imputation flag for: TYPE I OR TYPE II DIABETES,c0370200I
chis_puf_x,45,ab52_x,,,INTEGER,3,Imputation flag for: EVER TOLD HAVE HEART FAILURE/CONGESTIVE,c0370200J
chis_puf_x,46,ab57_x,,,INTEGER,3,Imputation flag for: KIND OF PLACE GOT LAST FLU SHOT,c0370200K
chis_puf_x,47,ab60_x,,,INTEGER,3,Imputation flag for: HOW FIRST FOUND OUT HAD BREAST CANCER,c0370200L
chis_puf_x,48,ab63_x,,,INTEGER,3,Imputation flag for: LAST EYE EXAM DILATED PUPILS,c0370200M
chis_puf_x,49,ab64_x,,,INTEGER,3,Imputation flag for: DOCTOR EVER TOLD HAVE ARTH/GOUT/LUPUS,c0370200N
chis_puf_x,50,ab66_x,,,INTEGER,3,Imputation flag for: HOW OFTEN HAD ASTHMA SYMPTOMS IN PAST 12 MOS: PREVIOUS ASTHMATICS,c0370200O
chis_puf_x,51,ab67_x,,,INTEGER,3,Imputation flag for: ER/URGENT CRE VISIT FOR ASTHMA LAST 12 MOS: PREVIOUS ASTHMATICS,c0370200P
chis_puf_x,52,ab80_x,,,INTEGER,3,Imputation flag for: HOSPITAL OVERNIGHT FOR ASTHMA PAST 12 MOS: PREVIOUS ASTHMATICS,c0370200Q
chis_puf_x,53,ab81_x,,,INTEGER,3,Imputation flag for: DOCTOR TOLD HAD DIABETES ONLY DURING PREGNANCY,c0370200R
chis_puf_x,54,ab91_x,,,INTEGER,3,Imputation flag for: RECEIVED MEDICAL CARE BECAUSE OF FALLS,c0370200S
chis_puf_x,55,ab92_x,,,INTEGER,3,Imputation flag for: PROF TALKED ABOUT HOW TO AVOID FALLS,c0370200T
chis_puf_x,56,ab93_x,,,INTEGER,3,Imputation flag for: PROF REVIEWED MEDS DUE TO FALLS,c0370200U
chis_puf_x,57,ab94_x,,,INTEGER,3,Imputation flag for: STARTED PHYS THRPY/EXERC DUE TO FALLS,c0370200V
chis_puf_x,58,ab95_x,,,INTEGER,3,Imputation flag for: CHANGED HOME DUE TO FALLS,c0370200W
chis_puf_x,59,ab96_x,,,INTEGER,3,Imputation flag for: STARTED TO USE CANE/WALKER DUE TO FALLS,c0370200X
chis_puf_x,60,ab97_x,,,INTEGER,3,Imputation flag for: CHANGED DAILY ROUTINES DUE TO FALLS,c0370200Y
chis_puf_x,61,ab98_x,,,INTEGER,3,Imputation flag for: HAVE WRITTEN COPY OF ASTHMA CARE PLAN,c0370200Z
chis_puf_x,62,ab99_x,,,INTEGER,3,Imputation flag for: DOC EVER TOLD HAVE PRE- OR BORDERLINE DIABETES,c03702010
chis_puf_x,63,ac11_x,,,INTEGER,3,Imputation flag for: # OF TIMES DRANK SODA LAST MONTH,c03702011
chis_puf_x,64,ac17_x,,,INTEGER,3,Imputation flag for: SMOKING EVER ALLOWED INSIDE HOME,c03702012
chis_puf_x,65,ac31_x,,,INTEGER,3,Imputation flag for: # TIMES ATE FAST FOOD PAST WEEK,c03702013
chis_puf_x,66,ac32_x,,,INTEGER,3,Imputation flag for: HAD ALCOHOL PAST 12 MONTHS,c03702014
chis_puf_x,67,ac34_x,,,INTEGER,3,Imputation flag for: # DAYS HAD 5+ DRINKS PAST 12 MONTHS,c03702015
chis_puf_x,68,ac35_x,,,INTEGER,3,Imputation flag for: # DAYS HAD 4+ DRINKS PAST 12 MONTHS,c03702016
chis_puf_x,69,ac42_p_x,,,INTEGER,,Imputation flag for: HOW OFTEN FIND FRESH FRUIT/VEG IN NEIGHB (PUF RECODE),c03702017
chis_puf_x,70,ac43_x,,,INTEGER,3,Imputation flag for: HOW OFTEN FIND FRESH FRUIT/VEG NEAR WORK,c03702018
chis_puf_x,71,ac44_x,,,INTEGER,3,Imputation flag for: NEIGHBORHOOD FRUIT/VEG AFFORDABLE,c03702019
chis_puf_x,72,ac45_x,,,INTEGER,3,Imputation flag for: WORKPLACE FRUIT/VEG AFFORDABLE,c0370201a
chis_puf_x,73,ac6_x,,,INTEGER,3,Imputation flag for: DOCTOR EVER TOLD HAD STROKE,c0370201b
chis_puf_x,74,ac7_x,,,INTEGER,3,Imputation flag for: FALLEN TO GROUND MORE THAN ONCE IN PAST YR,c0370201c
chis_puf_x,75,acmdnum_x,,,INTEGER,,Imputation flag for: # OF DOCTOR VISITS PAST YEAR,c0370201d
chis_puf_x,76,ad13_x,,,INTEGER,3,Imputation flag for: CURRENTLY PREGNANT,c0370201e
chis_puf_x,77,ad14_x,,,INTEGER,3,Imputation flag for: EVER HAD MAMMOGRAM,c0370201f
chis_puf_x,78,ad17_x,,,INTEGER,3,Imputation flag for: HOW LONG SINCE LAST MAMMOGRAM,c0370201g
chis_puf_x,79,ad18_x,,,INTEGER,3,Imputation flag for: REASON FOR HAVING LAST MAMMOGRAM,c0370201h
chis_puf_x,80,ad19_x,,,INTEGER,3,Imputation flag for: EVER HAD MAMMOGRAM W/ ABNORMAL RESULTS,c0370201i
chis_puf_x,81,ad20_x,,,INTEGER,3,Imputation flag for: EVER HAD OPERATION TO REMOVE LUMP FROM BREAST,c0370201j
chis_puf_x,82,ad21_x,,,INTEGER,3,Imputation flag for: LUMP TURNED OUT TO BE CANCER,c0370201k
chis_puf_x,83,ad22_p_x,,,INTEGER,,Imputation flag for: # OF BREAST OPERATIONS TO REMOVE NONCANCER (PUF RECODE),c0370201l
chis_puf_x,84,ad23_x,,,INTEGER,3,Imputation flag for: EVER HAVE OTHER TESTS/SURGERIES WHEN MAMMOGRAM ABNORMAL,c0370201m
chis_puf_x,85,ad25_x,,,INTEGER,3,Imputation flag for: MAIN REASON FOR HAVING NO MAMMOGRAM,c0370201n
chis_puf_x,86,ad26_x,,,INTEGER,3,Imputation flag for: DOCTOR RECOMMENDED MAMMOGRAM IN PAST TWO YRS,c0370201o
chis_puf_x,87,ad32_x,,,INTEGER,3,Imputation flag for: # OF CIGARETTES PER DAY,c0370201p
chis_puf_x,88,ad34_x,,,INTEGER,3,Imputation flag for: # OF DAYS PER WEEK ANY SMOKING INSIDE HOME,c0370201q
chis_puf_x,89,ad37w_x,,,INTEGER,3,Imputation flag for: WALKED AT LEAST 10 MIN FOR TRANSPORT PAST 7 DAYS,c0370201r
chis_puf_x,90,ad38w_x,,,INTEGER,3,Imputation flag for: # TIMES WALKED AT LEAST 10 MIN FOR TRANSPORT PAST 7 DAYS,c0370201s
chis_puf_x,91,ad39w_x,,,INTEGER,3,Imputation flag for: AVERAGE LENGTH OF TIME WALKED FOR TRANSPORTION (MINS),c0370201t
chis_puf_x,92,ad40w_x,,,INTEGER,3,Imputation flag for: WALKED AT LEAST 10 MIN FOR LEISURE PAST 7 DAYS,c0370201u
chis_puf_x,93,ad41w_x,,,INTEGER,3,Imputation flag for: # TIMES WALKED AT LEAST 10 MIN FOR LEISURE PAST 7 DAYS,c0370201v
chis_puf_x,94,ad42w_x,,,INTEGER,3,Imputation flag for: AVERAGE LENGTH OF TIME WALKED FOR LEISURE (MINS),c0370201w
chis_puf_x,95,ad50_x,,,INTEGER,3,Imputation flag for: BLIND/DEAF OR HAS SEVERE VISION/HEARING PROBLEM,c0370201x
chis_puf_x,96,ad51_x,,,INTEGER,3,"Imputation flag for: HAS DIFFICULTY LEARNING, REMEMBERING, CONCENTRATING",c0370201y
chis_puf_x,97,ad52_x,,,INTEGER,3,"Imputation flag for: HAS DIFFICULTY DRESSING, BATHING, GETTING AROUND",c0370201z
chis_puf_x,98,ad53_x,,,INTEGER,3,Imputation flag for: HAS DIFFICULTY GOING OUTSIDE HOME ALONE,c0370201A
chis_puf_x,99,ad54_x,,,INTEGER,3,Imputation flag for: HAS DIFFICULTY WORKING AT A JOB,c0370201B
chis_puf_x,100,ad57_x,,,INTEGER,3,Imputation flag for: CONDITION LIMITS BASIC PHYS ACTIVITY,c0370201C
chis_puf_x,101,ae15_x,,,INTEGER,3,Imputation flag for: SMOKED 100 OR MORE CIGARETTES IN ENTIRE LIFETIME,c0370201D
chis_puf_x,102,ae15a_x,,,INTEGER,3,"Imputation flag for: SMOKES CIGARETTES EVERYDAY, SOME DAYS OR NOT AT ALL",c0370201E
chis_puf_x,103,ae16_x,,,INTEGER,3,Imputation flag for: # OF CIGARETTES PER DAY,c0370201F
chis_puf_x,104,ae2_x,,,INTEGER,3,Imputation flag for: # TIMES ATE FRUIT IN PAST MO,c0370201G
chis_puf_x,105,ae3_x,,,INTEGER,3,"Imputation flag for: # TIMES ATE FRNCH FRIES, HME FRIES, HSH BRWNS IN PAST MO",c0370201H
chis_puf_x,106,ae30_x,,,INTEGER,3,Imputation flag for: FLU SHOT IN PAST 12 MOS,c0370201I
chis_puf_x,107,ae50_x,,,INTEGER,3,Imputation flag for: MOST RECENT MAMMOGRAM RECOMENDED BY DOCT,c0370201J
chis_puf_x,108,ae7_x,,,INTEGER,3,Imputation flag for: # OF TIMES ATE VEGETABLES IN PAST MO,c0370201K
chis_puf_x,109,ae91_x,,,INTEGER,3,Imputation flag for: PROPORTION PAID FOR COST OF MOST RECENT MAMMOGRAM,c0370201L
chis_puf_x,110,ae92_x,,,INTEGER,3,Imputation flag for: DOCTOR EVER TOLD WOMEN OWN AGE NEED MAMMOGRAM EVERY OTHER YR,c0370201M
chis_puf_x,111,ae94_x,,,INTEGER,3,Imputation flag for: DOCTOR EVER DISCUSSED WHEN TO STOP MAMMOGRAMS,c0370201N
chis_puf_x,112,ae_fries_x,,,INTEGER,,Imputation flag for: # OF TIME EATING FRIES PER WEEK,c0370201O
chis_puf_x,113,ae_fruit_x,,,INTEGER,,Imputation flag for: # OF TIMES EATING FRUIT PER WEEK,c0370201P
chis_puf_x,114,ae_soda_x,,,INTEGER,,Imputation flag for: # OF TIMES DRINKING SODA PER WEEK,c0370201Q
chis_puf_x,115,ae_vegi_x,,,INTEGER,,Imputation flag for: # OF TIMES EATING VEGETABLES PER WEEK,c0370201R
chis_puf_x,116,af37_x,,,INTEGER,3,Imputation flag for: DOCTOR EXAMINED BREAST FOR LUMPS PAST 12 MOS,c0370201S
chis_puf_x,117,af62_x,,,INTEGER,3,Imputation flag for: ANY MONTH PAST 12 MONTHS FELT WORSE,c0370201T
chis_puf_x,118,af63_x,,,INTEGER,3,Imputation flag for: FEEL NERVOUS WORST MONTH,c0370201U
chis_puf_x,119,af64_x,,,INTEGER,3,Imputation flag for: FEEL HOPELESS WORST MONTH,c0370201V
chis_puf_x,120,af65_x,,,INTEGER,3,Imputation flag for: FEEL RESTLESS WORST MONTH,c0370201W
chis_puf_x,121,af66_x,,,INTEGER,3,Imputation flag for: FEEL DEPRESSED WORST MONTH,c0370201X
chis_puf_x,122,af67_x,,,INTEGER,3,Imputation flag for: FEEL EVERYTHING AN EFFORT WORST MONTH,c0370201Y
chis_puf_x,123,af68_x,,,INTEGER,3,Imputation flag for: FEEL WORTHLESS WORST MONTH,c0370201Z
chis_puf_x,124,af69b_x,,,INTEGER,3,Imputation flag for: EMOTIONS INTERFERE W/WORK WORST MONTH,c03702020
chis_puf_x,125,af70b_x,,,INTEGER,3,Imputation flag for: EMOTIONS INTERFERE W/CHORES WORST MONTH,c03702021
chis_puf_x,126,af71b_x,,,INTEGER,3,Imputation flag for: EMOTIONS INTERFERE W/SOCIAL LIFE WORST MONTH,c03702022
chis_puf_x,127,af72b_x,,,INTEGER,3,Imputation flag for: EMOTIONS INTERFERE W/RELATIONSHIPS WORST MONTH,c03702023
chis_puf_x,128,ag10_x,,,INTEGER,3,Imputation flag for: RESPONDENT USUALLY WORKS,c03702024
chis_puf_x,129,ag11_x,,,INTEGER,3,Imputation flag for: SPOUSE USUALLY WORKS,c03702025
chis_puf_x,130,ag20_x,,,INTEGER,3,Imputation flag for: LANGUAGE SPEAK WITH FRIENDS,c03702026
chis_puf_x,131,ag21_x,,,INTEGER,3,"Imputation flag for: LANGUAGE OF TV, RADIO, NEWSPAPERS",c03702027
chis_puf_x,132,ag22_x,,,INTEGER,3,Imputation flag for: EVER SERVE IN U.S. ARMED FORCES,c03702028
chis_puf_x,133,ag8_x,,,INTEGER,3,Imputation flag for: WORK STATUS OF SPOUSE LAST WEEK,c03702029
chis_puf_x,134,ag9_x,,,INTEGER,3,Imputation flag for: TYPE OF EMPLOYER ON SPOUSE'S MAIN JOB,c0370202a
chis_puf_x,135,ah1_x,,,INTEGER,3,Imputation flag for: HAVE USUAL SOURCE OF HEALTH CARE,c0370202b
chis_puf_x,136,ah100_x,,,INTEGER,3,Imputation flag for: ANYONE HELP FIND HEALTH PLAN,c0370202c
chis_puf_x,137,ah101_p_x,,,INTEGER,,Imputation flag for: PERSON WHO HELPED FIND HEALTH PLAN (PUF RECODE),c0370202d
chis_puf_x,138,ah102_p_x,,,INTEGER,,Imputation flag for: # NIGHTS IN HOSPITAL PAST 12 MOS (PUF RECODE),c0370202e
chis_puf_x,139,ah103_x,,,INTEGER,3,Imputation flag for: BUY HEALTH PLAN DIRECTLY FROM INS CO/HMO,c0370202f
chis_puf_x,140,ah12_x,,,INTEGER,3,Imputation flag for: VISITED EMERGENCY ROOM FOR OWN HEALTH IN PAST 12 MOS,c0370202g
chis_puf_x,141,ah13a_x,,,INTEGER,3,Imputation flag for: ER/URGENT CRE VISIT FOR ASTHMA LAST 12 MOS: CURRENT ASTHMATICS,c0370202h
chis_puf_x,142,ah14_x,,,INTEGER,3,Imputation flag for: PATIENT IN HOSP OVERNIGHT DURING PAST 12 MOS,c0370202i
chis_puf_x,143,ah15a_x,,,INTEGER,3,Imputation flag for: HOSPITAL OVERNIGHT FOR ASTHMA PAST 12 MOS: CURRENT ASTHMATICS,c0370202j
chis_puf_x,144,ah16_x,,,INTEGER,3,Imputation flag for: DELAY GETTING PRESCRIPTION IN PAST 12 MO,c0370202k
chis_puf_x,145,ah22_x,,,INTEGER,3,Imputation flag for: DELAY OTHER MEDICAL CARE IN PAST 12 MOS,c0370202l
chis_puf_x,146,ah3_x,,,INTEGER,3,Imputation flag for: KIND OF PLACE FOR USUAL SOURCE OF HEALTH CARE,c0370202m
chis_puf_x,147,ah33new_x,,,INTEGER,,Imputation flag for: BORN IN U.S.,c0370202n
chis_puf_x,148,ah34new_x,,,INTEGER,,Imputation flag for: MOTHER BORN IN U.S.,c0370202o
chis_puf_x,149,ah35new_x,,,INTEGER,,Imputation flag for: FATHER BORN IN U.S.,c0370202p
chis_puf_x,150,ah37_x,,,INTEGER,3,Imputation flag for: HOW WELL YOU SPEAK ENGLISH,c0370202q
chis_puf_x,151,ah43a_x,,,INTEGER,3,Imputation flag for: LIVING WITH A PARENT,c0370202r
chis_puf_x,152,ah44_x,,,INTEGER,3,Imputation flag for: SPOUSE LIVING IN SAME HOUSEHOLD,c0370202s
chis_puf_x,153,ah44a_x,,,INTEGER,3,Imputation flag for: USED PAID CHILDCARE FOR CHILDREN UNDER 14,c0370202t
chis_puf_x,154,ah49_x,,,INTEGER,3,Imputation flag for: MEDICARE COVERAGE PROVIDED THROUGH HMO,c0370202u
chis_puf_x,155,ah5_x,,,INTEGER,3,Imputation flag for: # TIMES SAW MD IN PAST 12 MOS,c0370202v
chis_puf_x,156,ah50_p_x,,,INTEGER,,Imputation flag for: NAME OF MEDICARE HMO PLAN (PUF RECODE),c0370202w
chis_puf_x,157,ah52_x,,,INTEGER,3,Imputation flag for: SIGN UP FOR MEDICARE HMO DIRECTLY OR OTHERWISE,c0370202x
chis_puf_x,158,ah6_x,,,INTEGER,3,Imputation flag for: HOW LONG SINCE LAST SAW DOCTOR ABOUT OWN HEALTH,c0370202y
chis_puf_x,159,ah71_x,,,INTEGER,3,"Imputation flag for: HEALTH PLAN DEDUCTIBLE MORE THAN $1,000",c0370202z
chis_puf_x,160,ah72_x,,,INTEGER,3,"Imputation flag for: HEALTH PLAN DEDUCTIBLE MORE THAN $2,000",c0370202A
chis_puf_x,161,ah73_x,,,INTEGER,3,Imputation flag for: SPECIAL FUND TO PAY MEDICAL EXPENSES,c0370202B
chis_puf_x,162,ah74_x,,,INTEGER,3,Imputation flag for: TRIED TO FIND HEALTH INSURANCE ON OWN,c0370202C
chis_puf_x,163,ah75_x,,,INTEGER,3,Imputation flag for: TRIED TO FIND HEALTH INSURANCE ON OWN,c0370202D
chis_puf_x,164,ah77_x,,,INTEGER,3,Imputation flag for: FREE PRENATAL CARE DURING PAST 12 MOS,c0370202E
chis_puf_x,165,ah95_p_x,,,INTEGER,,Imputation flag for: # TIMES VISITED ER IN PAST 12 MOS (PUF RECODE),c0370202F
chis_puf_x,166,ah96_p_x,,,INTEGER,,"Imputation flag for: HEALTH PLAN DEDUCTIBLE > $2,000 (PUF RECODE)",c0370202G
chis_puf_x,167,ah97_p_x,,,INTEGER,,"Imputation flag for: PLAN DEDUCTIBLE COVERING ALL PERSONS >$4,000 (PUF RECODE)",c0370202H
chis_puf_x,168,ah98_x,,,INTEGER,3,Imputation flag for: DIFFICULTY FINDING PLAN WITH NEEDED COVERAGE,c0370202I
chis_puf_x,169,ah99_x,,,INTEGER,3,Imputation flag for: DIFFICULTY FINDING PLAN THAT IS AFFORDABLE,c0370202J
chis_puf_x,170,ahchldc_x,,,INTEGER,,Imputation flag for: AMOUNT SPENT ON CHILD CARE PER WEEK,c0370202K
chis_puf_x,171,aheduc_x,,,INTEGER,,Imputation flag for: EDUCATIONAL ATTAINMENT,c0370202L
chis_puf_x,172,ai15_x,,,INTEGER,3,Imputation flag for: MAIN REASON NOT IN EMPLOYER'S HEALTH PLAN,c0370202M
chis_puf_x,173,ai15a_x,,,INTEGER,3,Imputation flag for: MAIN REASON INELIGIBLE FOR EMPLOYER'S HEALTH PLAN,c0370202N
chis_puf_x,174,ai22a_p_x,,,INTEGER,,Imputation flag for: NAME OF HEALTH PLAN (PUF RECODE),c0370202O
chis_puf_x,175,ai22c_x,,,INTEGER,3,Imputation flag for: MAIN HEALTH PLAN IS HMO,c0370202P
chis_puf_x,176,ai25_x,,,INTEGER,3,Imputation flag for: COVERED FOR PRESCRIPTION DRUGS,c0370202Q
chis_puf_x,177,ai25new_x,,,INTEGER,,Imputation flag for: RX COVERAGE EDITED FOR MEDICAL/HF,c0370202R
chis_puf_x,178,ai28_x,,,INTEGER,3,Imputation flag for: HOW LONG SINCE LAST HAD HEALTH INS,c0370202S
chis_puf_x,179,ai33_6_x,,,INTEGER,3,Imputation flag for: OTHER INS: BOUGHT DIRECT,c0370202T
chis_puf_x,180,ai37a_x,,,INTEGER,3,Imputation flag for: SPOUSE COVERED BY MEDICARE SUPPL POLICY,c0370202U
chis_puf_x,181,ai4_x,,,INTEGER,3,Imputation flag for: COVERED BY MEDICARE SUPPL POLICY,c0370202V
chis_puf_x,182,ai45_x,,,INTEGER,3,Imputation flag for: MAIN REASON SPOUSE NOT IN EMPLOYER'S HEALTH PLAN,c0370202W
chis_puf_x,183,ai45a_x,,,INTEGER,3,Imputation flag for: MAIN REASON SPOUSE INELIGIBLE FOR EMPLOYER'S HEALTH PLAN,c0370202X
chis_puf_x,184,aj1_x,,,INTEGER,3,Imputation flag for: INS COVERS TREATMENT FOR MNTL HEALTH PROBLEMS,c0370202Y
chis_puf_x,185,aj10_x,,,INTEGER,3,Imputation flag for: NEEDED SOMEONE ELSE TO HELP UNDERSTAND DOCTOR,c0370202Z
chis_puf_x,186,aj102_x,,,INTEGER,3,Imputation flag for: SOUGHT APPNT W/DOC IN 2 DAYS PAST YR,c03702030
chis_puf_x,187,aj103_x,,,INTEGER,3,Imputation flag for: HOW OFTEN GET APPNT IN 2 DAYS,c03702031
chis_puf_x,188,aj104_x,,,INTEGER,3,Imputation flag for: COULD GET APPNT W/DOC IN 2 DAYS IF NEEDED,c03702032
chis_puf_x,189,aj105_x,,,INTEGER,3,Imputation flag for: KNOW RIGHTS TO INTERPRETOR DURING MED VISIT,c03702033
chis_puf_x,190,aj106_x,,,INTEGER,3,Imputation flag for: USUAL PLACE FOR HLTH CARE CHANGED PAST YR,c03702034
chis_puf_x,191,aj107_x,,,INTEGER,3,Imputation flag for: CHANGE USUAL PLACE DUE TO INSURANCE PLAN,c03702035
chis_puf_x,192,aj108_x,,,INTEGER,3,Imputation flag for: EVER USED INTERNET,c03702036
chis_puf_x,193,aj109_x,,,INTEGER,3,Imputation flag for: USED INTERNET TO FIND MED INFO PAST 12 MOS,c03702037
chis_puf_x,194,aj11_x,,,INTEGER,3,Imputation flag for: WHO HELPED YOU UNDERSTAND DOCTOR,c03702038
chis_puf_x,195,aj110_x,,,INTEGER,3,Imputation flag for: CONFIDENCE TO COMPLETE APPL ONLINE ON OWN,c03702039
chis_puf_x,196,aj111_x,,,INTEGER,3,Imputation flag for: SOMEONE TO HELP FILL OUT APPL ONLINE,c0370203a
chis_puf_x,197,aj112_x,,,INTEGER,3,Imputation flag for: HOW OFTEN DOC LISTENS CAREFULLY,c0370203b
chis_puf_x,198,aj113_x,,,INTEGER,3,Imputation flag for: HOW OFTEN DOC CLEARLY EXPLAINS WHAT TO DO,c0370203c
chis_puf_x,199,aj19_x,,,INTEGER,3,Imputation flag for: COST/NO INSUR DELAYED GETTING PRESCRIPTION,c0370203d
chis_puf_x,200,aj20_x,,,INTEGER,3,Imputation flag for: COST/NO INSR DELAYED GETTING NEEDED CARE,c0370203e
chis_puf_x,201,aj29_x,,,INTEGER,3,Imputation flag for: FEEL NERVOUS PAST 30 DAYS,c0370203f
chis_puf_x,202,aj30_x,,,INTEGER,3,Imputation flag for: FEEL HOPELESS PAST 30 DAYS,c0370203g
chis_puf_x,203,aj31_x,,,INTEGER,3,Imputation flag for: FELL RESTLESS PAST 30 DAYS,c0370203h
chis_puf_x,204,aj32_x,,,INTEGER,3,Imputation flag for: FEEL DEPRESSED PAST 30 DAYS,c0370203i
chis_puf_x,205,aj33_x,,,INTEGER,3,Imputation flag for: FEEL EVERYTHING AN EFFORT PAST 30 DAYS,c0370203j
chis_puf_x,206,aj34_x,,,INTEGER,3,Imputation flag for: FEEL WORTHLESS PAST 30 DAYS,c0370203k
chis_puf_x,207,aj50_p_x,,,INTEGER,,Imputation flag for: LANGUAGE DOCTOR SPEAKS TO R (PUF RECODE),c0370203l
chis_puf_x,208,aj77_x,,,INTEGER,3,Imputation flag for: HAVE PERSONAL DOCTOR AS MAIN MEDICAL PROVIDER,c0370203m
chis_puf_x,209,aj78_x,,,INTEGER,3,Imputation flag for: CONTACT DOC'S OFFICE WITH MEDICAL QUESTION PAST 12 MOS,c0370203n
chis_puf_x,210,aj79_x,,,INTEGER,3,Imputation flag for: HOW OFTEN GOT RESPONSE FROM DOC'S OFFICE,c0370203o
chis_puf_x,211,aj8_x,,,INTEGER,3,Imputation flag for: HAD HARD TIME UNDERSTANDING DOCTOR LAST VISIT,c0370203p
chis_puf_x,212,aj80_x,,,INTEGER,3,Imputation flag for: DOC'S OFFICE HELP COORDINATE CARE W/ OTHER MED SVCS,c0370203q
chis_puf_x,213,aj81_x,,,INTEGER,3,Imputation flag for: DELAYED PRESCRIPTION FOR ASTHMA,c0370203r
chis_puf_x,214,aj82_x,,,INTEGER,3,Imputation flag for: DELAYED PRESCRIPTION FOR DIABETES,c0370203s
chis_puf_x,215,aj83_x,,,INTEGER,3,Imputation flag for: DELAYED PRESCRIPTION FOR HEART DISEASE,c0370203t
chis_puf_x,216,aj84_x,,,INTEGER,3,Imputation flag for: DELAYED MEDICAL CARE FOR ASTHMA,c0370203u
chis_puf_x,217,aj85_x,,,INTEGER,3,Imputation flag for: DELAYED MEDICAL CARE FOR DIABETES,c0370203v
chis_puf_x,218,aj86_x,,,INTEGER,3,Imputation flag for: DELAYED MEDICAL CARE FOR HEART DISEASE,c0370203w
chis_puf_x,219,aj9_x,,,INTEGER,3,Imputation flag for: MD SPOKE DIFFERENT LANGUAGE REASON WHY DIFFICULT TO UNDERSTAND,c0370203x
chis_puf_x,220,ak1_x,,,INTEGER,3,Imputation flag for: WORK STATUS LAST WEEK,c0370203y
chis_puf_x,221,ak10_p_x,,,INTEGER,,Imputation flag for: RESPONDENT'S EARNINGS LAST MONTH (PUF RECODE),c0370203z
chis_puf_x,222,ak10a_p_x,,,INTEGER,,Imputation flag for: SPOUSE'S EARNINGS LAST MONTH (PUF RECODE),c0370203A
chis_puf_x,223,ak2_x,,,INTEGER,3,Imputation flag for: MAIN REASON FOR NOT WORKING LAST WEEK,c0370203B
chis_puf_x,224,ak20_x,,,INTEGER,3,Imputation flag for: # OF HRS PER WEEK SPOUSE USUALLY WORKS,c0370203C
chis_puf_x,225,ak22_p_x,,,INTEGER,,Imputation flag for: HOUSEHOLD'S TOTAL ANNUAL INC (PUF RECODE),c0370203D
chis_puf_x,226,ak23_x,,,INTEGER,3,"Imputation flag for: LIVE IN HOUSE, DUPLEX, BUILDING WITH 3+ UNITS, OR MOBILE HOME",c0370203E
chis_puf_x,227,ak25_x,,,INTEGER,3,Imputation flag for: OWN OR RENT HOME,c0370203F
chis_puf_x,228,ak28_x,,,INTEGER,3,Imputation flag for: HOW OFTEN FEEL SAFE IN NEIGHBORHOOD,c0370203G
chis_puf_x,229,ak3_x,,,INTEGER,3,Imputation flag for: # OF USUAL HRS WORKED PER WEEK,c0370203H
chis_puf_x,230,ak4_x,,,INTEGER,3,Imputation flag for: TYPE OF EMPLOYER AT MAIN JOB,c0370203I
chis_puf_x,231,ak7_x,,,INTEGER,3,Imputation flag for: LENGTH OF TIME WORKING AT MAIN JOB,c0370203J
chis_puf_x,232,ak8_x,,,INTEGER,3,Imputation flag for: # PEOPLE WORK FOR EMPLOYER/YOU,c0370203K
chis_puf_x,233,akwklng_x,,,INTEGER,,Imputation flag for: TIME AT MAIN JOB,c0370203L
chis_puf_x,234,al15_x,,,INTEGER,3,Imputation flag for: RECVD ALIMONY/CHILD SUPPORT/MONEY FROM GOVT LAST MONTH,c0370203M
chis_puf_x,235,al16_p_x,,,INTEGER,,Imputation flag for: TOTAL RECVD FROM ALIMONY/CHILD SUPPORT/GOVT LAST MONTH (PUF RECODE),c0370203N
chis_puf_x,236,al17_x,,,INTEGER,3,Imputation flag for: PAID ALIMONY OR CHILD SUPPORT LAST MONTH,c0370203O
chis_puf_x,237,al18_p_x,,,INTEGER,,Imputation flag for: TOTAL ALIMONY/CHILD SUPPORT PAID LAST MONTH (PUF RECODE),c0370203P
chis_puf_x,238,al18a_x,,,INTEGER,3,Imputation flag for: RECVD SOCIAL SECURITY OR PENSION LAST MONTH,c0370203Q
chis_puf_x,239,al18b_p_x,,,INTEGER,,Imputation flag for: TOTAL SOCIAL SECURITY/PENSION RECVD LAST MONTH (PUF RECODE),c0370203R
chis_puf_x,240,al2_x,,,INTEGER,3,Imputation flag for: CURRENTLY ON TANF OR CALWORKS,c0370203S
chis_puf_x,241,al22_x,,,INTEGER,3,Imputation flag for: RECEIVING SOCIAL SECURITY DISABILITY INS,c0370203T
chis_puf_x,242,al5_x,,,INTEGER,3,Imputation flag for: RECEIVING FOOD STAMP BENEFITS,c0370203U
chis_puf_x,243,al6_x,,,INTEGER,3,Imputation flag for: RECEIVING SSI (SUPPLEMENTAL SECURITY INCOME),c0370203V
chis_puf_x,244,al7_x,,,INTEGER,3,Imputation flag for: CURRENTLY ON WIC,c0370203W
chis_puf_x,245,am1_x,,,INTEGER,3,"Imputation flag for: HOW OFTEN FOOD DIDN'T LAST,COULDN'T AFFORD MORE, PAST 12 MOS",c0370203X
chis_puf_x,246,am19_x,,,INTEGER,3,Imputation flag for: PEOPLE IN NEIGHBORHOOD WILLING TO HELP EACH OTHER,c0370203Y
chis_puf_x,247,am2_x,,,INTEGER,3,Imputation flag for: HOW OFTEN COULDN'T AFFORD TO EAT BALANCED MEALS,c0370203Z
chis_puf_x,248,am21_x,,,INTEGER,3,Imputation flag for: PEOPLE IN NEIGHBORHOOD CAN BE TRUSTED,c03702040
chis_puf_x,249,am3_x,,,INTEGER,3,Imputation flag for: ALL ADULTS CUT/SKIPPED MEALS IN PAST 12 MOS FOR MONEY,c03702041
chis_puf_x,250,am34_x,,,INTEGER,3,Imputation flag for: TELEPHONE CALLS RECEIVED,c03702042
chis_puf_x,251,am35_x,,,INTEGER,3,Imputation flag for: NEIGHBORHOOD WATCHES OUT FOR CHILDREN'S SAFETY,c03702043
chis_puf_x,252,am36_x,,,INTEGER,3,Imputation flag for: DID VOLUNTEER WORK OR COMMUNITY SERVICES PAST YR,c03702044
chis_puf_x,253,am37_x,,,INTEGER,3,Imputation flag for: CURRENTLY PAYING OFF MORTGAGE/HOME LOAN,c03702045
chis_puf_x,254,am38_x,,,INTEGER,3,Imputation flag for: MAIN REASON FOR LAST MOVE,c03702046
chis_puf_x,255,am39_x,,,INTEGER,3,Imputation flag for: VOLUNTEER IN ORG DEALING W/COMM PROB PAST YR,c03702047
chis_puf_x,256,am3a_x,,,INTEGER,3,Imputation flag for: HOW OFTEN ALL ADULTS CUT/SKIPPED MEALS IN PAST 12 MOS FOR MONEY,c03702048
chis_puf_x,257,am4_x,,,INTEGER,3,Imputation flag for: ATE LESS THAN SHOULD BECAUSE OF MONEY IN PAST 12 MOS,c03702049
chis_puf_x,258,am40_x,,,INTEGER,3,Imputation flag for: MEET INFORMALLY TO DEAL W/COMM PROB PAST YR,c0370204a
chis_puf_x,259,am5_x,,,INTEGER,3,Imputation flag for: HOW OFTEN HUNGRY BUT DIDN'T EAT B/C OF MONEY IN PAST 12 MOS,c0370204b
chis_puf_x,260,asian8_x,,,INTEGER,,Imputation flag for: ASIAN SUBTYPES- (8 TYPES) (PUF RECODE),c0370204c
chis_puf_x,261,asnhp2_p_x,,,INTEGER,,"Imputation flag for: ASIAN GROUP - UCLA CHPR DEFINITION (PUF RECODE), UNBRIDGED",c0370204d
chis_puf_x,262,astcur_x,,,INTEGER,,Imputation flag for: CURRENT ASTHMA STATUS,c0370204e
chis_puf_x,263,asts_x,,,INTEGER,,Imputation flag for: ASTHMA SYMPTOMS PAST 12 MOS FOR POPULATION DIAGNOSED W/ ASTHMA,c0370204f
chis_puf_x,264,astyr_x,,,INTEGER,,Imputation flag for: ASTHMA SYMPTOMS PAST 12 MOS FOR POPULATION CURRENTLY W/ ASTHMA,c0370204g
chis_puf_x,265,binge12_x,,,INTEGER,,"Imputation flag for: BINGE DRINKING IN PAST YEAR. 5+ DRINKS (MALE), 4+ DRINKS (FEMALE)",c0370204h
chis_puf_x,266,bmi_p_x,,,INTEGER,,Imputation flag for: BODY MASS INDEX (PUF RECODE),c0370204i
chis_puf_x,267,catribe_x,,,INTEGER,,Imputation flag for: CALIFORNIA TRIBE,c0370204j
chis_puf_x,268,chores2_x,,,INTEGER,,Imputation flag for: CHORE IMPAIRMENT PAST 12 MONTHS,c0370204k
chis_puf_x,269,citizen2_x,,,INTEGER,,Imputation flag for: CITIZENSHIP STATUS - 3 LEVELS,c0370204l
chis_puf_x,270,cntryf_x,,,INTEGER,,Imputation flag for: COUNTRY FATHER BORN,c0370204m
chis_puf_x,271,cntrym_x,,,INTEGER,,Imputation flag for: COUNTRY MOTHER BORN,c0370204n
chis_puf_x,272,cntrys_x,,,INTEGER,,Imputation flag for: COUNTRY BORN,c0370204o
chis_puf_x,273,diabck_x,,,INTEGER,,Imputation flag for: # OF TIMES CHECKING FOR GLUCOSE/SUGAR PER MONTH,c0370204p
chis_puf_x,274,diamed_x,,,INTEGER,,Imputation flag for: TAKING INSULIN OR PILLS,c0370204q
chis_puf_x,275,disable_x,,,INTEGER,,Imputation flag for: DISABILITY STATUS DUE TO PHYS/MENT/EMOT CONDITION,c0370204r
chis_puf_x,276,distress_x,,,INTEGER,,Imputation flag for: SERIOUS PSYCHOLOGICAL DISTRESS,c0370204s
chis_puf_x,277,doct_yr_x,,,INTEGER,,Imputation flag for: VISITED DOCTOR IN PAST 12 MOS,c0370204t
chis_puf_x,278,dstrs12_x,,,INTEGER,,Imputation flag for: LIKELY HAS HAD PSYCHOLOGICAL DISTRESS IN THE LAST YEAR,c0370204u
chis_puf_x,279,dstrs30_x,,,INTEGER,,Imputation flag for: LIKELY HAS HAD PSYCHOLOGICAL DISTRESS IN THE PAST MONTH,c0370204v
chis_puf_x,280,dstrsyr_x,,,INTEGER,,Imputation flag for: SERIOUS PSYCHOLOGICAL DISTRESS FOR WORST MONTH PAST YR (K6 SCORE),c0370204w
chis_puf_x,281,elder_idx_x,,,INTEGER,,Imputation flag for: ELDER INCOME BELOW COUNTY THRESHOLD FOR COST OF LIVING,c0370204x
chis_puf_x,282,eligprg3_x,,,INTEGER,,Imputation flag for: MEDI-CAL (MEDICAID)/HEALTHY FAM ELIG. - UNINSURED,c0370204y
chis_puf_x,283,er_x,,,INTEGER,,Imputation flag for: ER VISIT WITHIN THE PAST YEAR,c0370204z
chis_puf_x,284,fam_type_x,,,INTEGER,,Imputation flag for: FAMILY TYPE,c0370204A
chis_puf_x,285,family2_x,,,INTEGER,,Imputation flag for: FAMILY LIFE IMPAIRMENT PAST 12 MONTHS,c0370204B
chis_puf_x,286,famtyp_p_x,,,INTEGER,,Imputation flag for: FAMILY TYPE (PUF RECODE),c0370204C
chis_puf_x,287,fslev_x,,,INTEGER,,Imputation flag for: FOOD SECURITY STATUS LEVEL,c0370204D
chis_puf_x,288,fslevcb_x,,,INTEGER,,Imputation flag for: FOOD SECURITY STATUS - 2 LVLS,c0370204E
chis_puf_x,289,heighm_p_x,,,INTEGER,,Imputation flag for: HEIGHT: METERS - UCLA (PUF RECODE),c0370204F
chis_puf_x,290,hghti_p_x,,,INTEGER,,Imputation flag for: HEIGHT: INCHES (PUF RECODE),c0370204G
chis_puf_x,291,hghtm_p_x,,,INTEGER,,Imputation flag for: HEIGHT: METERS (PUF RECODE),c0370204H
chis_puf_x,292,hhsize_p_x,,,INTEGER,,Imputation flag for: HOUSEHOLD SIZE (PUF RECODE),c0370204I
chis_puf_x,293,hhsmk_x,,,INTEGER,,Imputation flag for: HOUSEHOLD SMOKING,c0370204J
chis_puf_x,294,hmo_x,,,INTEGER,,Imputation flag for: HMO STATUS,c0370204K
chis_puf_x,295,ihs_x,,,INTEGER,,Imputation flag for: COVERED BY INDIAN HEALTH SERVICES,c0370204L
chis_puf_x,296,ihs_s_x,,,INTEGER,,Imputation flag for: SPOUSE COVERED BY INDIAN HEALTH SERVICES,c0370204M
chis_puf_x,297,impair2_x,,,INTEGER,,Imputation flag for: FUNCTIONAL ROLE IMPAIRMENT DUE TO EMOTIONS PAST 12 MONTHS,c0370204N
chis_puf_x,298,ins_x,,,INTEGER,,Imputation flag for: CURRENTLY INSURED,c0370204O
chis_puf_x,299,ins12m_x,,,INTEGER,,Imputation flag for: MOS COVERED BY HEALTH PLANS LAST 12 MOS,c0370204P
chis_puf_x,300,ins64_p_x,,,INTEGER,,Imputation flag for: CURRENT HEALTH COVERAGE - < 65 YRS (PUF RECODE),c0370204Q
chis_puf_x,301,ins64s_p_x,,,INTEGER,,Imputation flag for: SPOUSE'S CURRENT HEALTH COVG - < 65 YRS (PUF RECODE),c0370204R
chis_puf_x,302,ins65_x,,,INTEGER,,Imputation flag for: TYPE OF CURRENT HEALTH COVERAGE SOURCE FOR ELDERLY 65+,c0370204S
chis_puf_x,303,ins65_s_x,,,INTEGER,,Imputation flag for: TYPE OF CURRENT HEALTH COVERAGE FOR SPOUSE 65+,c0370204T
chis_puf_x,304,ins_s_x,,,INTEGER,,Imputation flag for: SPOUSE CURRENTLY INSURED,c0370204U
chis_puf_x,305,insany_x,,,INTEGER,,Imputation flag for: ANY INS IN LAST 12 MOS,c0370204V
chis_puf_x,306,insem_x,,,INTEGER,,Imputation flag for: COVERED BY EMPLOYER-BASED PLANS,c0370204W
chis_puf_x,307,insem_s_x,,,INTEGER,,Imputation flag for: SPOUSE COVERED BY EMPLOYER-BASED PLANS,c0370204X
chis_puf_x,308,insmc_x,,,INTEGER,,Imputation flag for: COVERED BY MEDICARE,c0370204Y
chis_puf_x,309,insmc_s_x,,,INTEGER,,Imputation flag for: SPOUSE COVERED BY MEDICARE,c0370204Z
chis_puf_x,310,insmd_x,,,INTEGER,,Imputation flag for: COVERED BY MEDI-CAL,c03702050
chis_puf_x,311,insmd_s_x,,,INTEGER,,Imputation flag for: SPOUSE COVERED BY MEDI-CAL,c03702051
chis_puf_x,312,insog_x,,,INTEGER,,Imputation flag for: COVERED BY OTHER GOVT PLANS,c03702052
chis_puf_x,313,insog_s_x,,,INTEGER,,Imputation flag for: SPOUSE COVERED BY OTHER GOVT PLANS,c03702053
chis_puf_x,314,inspr_x,,,INTEGER,,Imputation flag for: COVERED BY PLANS PURCHASED ON OWN,c03702054
chis_puf_x,315,inspr_s_x,,,INTEGER,,Imputation flag for: SPOUSE COVERED BY PLANS PURCHASED ON OWN,c03702055
chis_puf_x,316,insps_x,,,INTEGER,,Imputation flag for: PRIMARY OR SECONDARY COVERAGE,c03702056
chis_puf_x,317,insps_s_x,,,INTEGER,,Imputation flag for: SPOUSE PRIMARY OR SECONDARY COVERAGE,c03702057
chis_puf_x,318,inst_12_x,,,INTEGER,,"Imputation flag for: HEALTH INS COVERAGE IN LAST 12 MOS, INCL CURRENT STATUS:8 LVLS",c03702058
chis_puf_x,319,instyp_p_x,,,INTEGER,,Imputation flag for: TYPE OF CURRENT HEALTH COVERAGE SOURCE FOR ALL AGES (PUF RECODE),c03702059
chis_puf_x,320,intvlang_x,,,INTEGER,,Imputation flag for: LANGUAGE OF INTERVIEW,c0370205a
chis_puf_x,321,langhome_x,,,INTEGER,,Imputation flag for: LANGUAGE SPOKEN AT HOME,c0370205b
chis_puf_x,322,latin9tp_x,,,INTEGER,,Imputation flag for: LATIN/HISPANIC SUBTYPES - 9 LVLS,c0370205c
chis_puf_x,323,mam_scrn_x,,,INTEGER,,Imputation flag for: MAMMOGRAM IN PAST 2 YRS,c0370205d
chis_puf_x,324,marit_x,,,INTEGER,,Imputation flag for: MARITAL STATUS- 3 CATEGORIES,c0370205e
chis_puf_x,325,marit2_x,,,INTEGER,,Imputation flag for: MARITAL STATUS- 4 CATEGORIES,c0370205f
chis_puf_x,326,marit_45_x,,,INTEGER,,Imputation flag for: MARITAL STATUS - AGE 45 AND OLDER,c0370205g
chis_puf_x,327,numcig_x,,,INTEGER,,Imputation flag for: # OF CIGARETTES PER DAY,c0370205h
chis_puf_x,328,offtk_x,,,INTEGER,,"Imputation flag for: OFFER, ELIGIBILITY, ACCEPTANCE OF EMPLOYER BASED INS",c0370205i
chis_puf_x,329,offtk_s_x,,,INTEGER,,"Imputation flag for: OFFER, ELIGIBILITY, ACCEPTANCE OF EMPLOYER-BASED INS: SPOUSE",c0370205j
chis_puf_x,330,ombsraso_x,,,INTEGER,,Imputation flag for: OMB S-R NONHISPANIC ASIAN GROUP (ONLY),c0370205k
chis_puf_x,331,ombsrreo_x,,,INTEGER,,Imputation flag for: OMB/CURRENT DOF RACE - ETHNICITY,c0370205l
chis_puf_x,332,ovrwt_x,,,INTEGER,,Imputation flag for: OVERWEIGHT OR OBESE,c0370205m
chis_puf_x,333,pctlf_p_x,,,INTEGER,,Imputation flag for: PERCENT LIFE IN US (PUF RECODE),c0370205n
chis_puf_x,334,povgwd_p_x,,,INTEGER,,Imputation flag for: FAMILY POVERTY THRESHOLD LEVEL (PUF RECODE),c0370205o
chis_puf_x,335,povll_x,,,INTEGER,,Imputation flag for: POVERTY LEVEL,c0370205p
chis_puf_x,336,povll2_p_x,,,INTEGER,,Imputation flag for: POVERTY LEVEL - 100% FPL (PUF RECODE),c0370205q
chis_puf_x,337,proxy_x,,,INTEGER,,Imputation flag for: A PROXY INTERVIEW,c0370205r
chis_puf_x,338,puf_id_x,,,INTEGER,,Imputation flag for: PUBLIC USE FILE ID,c0370205s
chis_puf_x,339,racecen_x,,,INTEGER,,Imputation flag for: RACE - CENSUS 2000 DEFINITION,c0370205t
chis_puf_x,340,racedof_x,,,INTEGER,,Imputation flag for: FORMER DOF RACE - ETHNICITY,c0370205u
chis_puf_x,341,racehpr2_x,,,INTEGER,,"Imputation flag for: RACE - UCLA CHPR DEFINITION, UNABRIDGED",c0370205v
chis_puf_x,342,rakedw0_x,,,INTEGER,,Imputation flag for: CHIS2011 RAKED WEIGHT - FULL SAMPLE,c0370205w
chis_puf_x,343,rakedw1_x,,,INTEGER,,Imputation flag for: CHIS2011 RAKED WEIGHT - REPLICATE 1,c0370205x
chis_puf_x,344,rakedw10_x,,,INTEGER,,Imputation flag for: CHIS2011 RAKED WEIGHT - REPLICATE 10,c0370205y
chis_puf_x,345,rakedw11_x,,,INTEGER,,Imputation flag for: CHIS2011 RAKED WEIGHT - REPLICATE 11,c0370205z
chis_puf_x,346,rakedw12_x,,,INTEGER,,Imputation flag for: CHIS2011 RAKED WEIGHT - REPLICATE 12,c0370205A
chis_puf_x,347,rakedw13_x,,,INTEGER,,Imputation flag for: CHIS2011 RAKED WEIGHT - REPLICATE 13,c0370205B
chis_puf_x,348,rakedw14_x,,,INTEGER,,Imputation flag for: CHIS2011 RAKED WEIGHT - REPLICATE 14,c0370205C
chis_puf_x,349,rakedw15_x,,,INTEGER,,Imputation flag for: CHIS2011 RAKED WEIGHT - REPLICATE 15,c0370205D
chis_puf_x,350,rakedw16_x,,,INTEGER,,Imputation flag for: CHIS2011 RAKED WEIGHT - REPLICATE 16,c0370205E
chis_puf_x,351,rakedw17_x,,,INTEGER,,Imputation flag for: CHIS2011 RAKED WEIGHT - REPLICATE 17,c0370205F
chis_puf_x,352,rakedw18_x,,,INTEGER,,Imputation flag for: CHIS2011 RAKED WEIGHT - REPLICATE 18,c0370205G
chis_puf_x,353,rakedw19_x,,,INTEGER,,Imputation flag for: CHIS2011 RAKED WEIGHT - REPLICATE 19,c0370205H
chis_puf_x,354,rakedw2_x,,,INTEGER,,Imputation flag for: CHIS2011 RAKED WEIGHT - REPLICATE 2,c0370205I
chis_puf_x,355,rakedw20_x,,,INTEGER,,Imputation flag for: CHIS2011 RAKED WEIGHT - REPLICATE 20,c0370205J
chis_puf_x,356,rakedw21_x,,,INTEGER,,Imputation flag for: CHIS2011 RAKED WEIGHT - REPLICATE 21,c0370205K
chis_puf_x,357,rakedw22_x,,,INTEGER,,Imputation flag for: CHIS2011 RAKED WEIGHT - REPLICATE 22,c0370205L
chis_puf_x,358,rakedw23_x,,,INTEGER,,Imputation flag for: CHIS2011 RAKED WEIGHT - REPLICATE 23,c0370205M
chis_puf_x,359,rakedw24_x,,,INTEGER,,Imputation flag for: CHIS2011 RAKED WEIGHT - REPLICATE 24,c0370205N
chis_puf_x,360,rakedw25_x,,,INTEGER,,Imputation flag for: CHIS2011 RAKED WEIGHT - REPLICATE 25,c0370205O
chis_puf_x,361,rakedw26_x,,,INTEGER,,Imputation flag for: CHIS2011 RAKED WEIGHT - REPLICATE 26,c0370205P
chis_puf_x,362,rakedw27_x,,,INTEGER,,Imputation flag for: CHIS2011 RAKED WEIGHT - REPLICATE 27,c0370205Q
chis_puf_x,363,rakedw28_x,,,INTEGER,,Imputation flag for: CHIS2011 RAKED WEIGHT - REPLICATE 28,c0370205R
chis_puf_x,364,rakedw29_x,,,INTEGER,,Imputation flag for: CHIS2011 RAKED WEIGHT - REPLICATE 29,c0370205S
chis_puf_x,365,rakedw3_x,,,INTEGER,,Imputation flag for: CHIS2011 RAKED WEIGHT - REPLICATE 3,c0370205T
chis_puf_x,366,rakedw30_x,,,INTEGER,,Imputation flag for: CHIS2011 RAKED WEIGHT - REPLICATE 30,c0370205U
chis_puf_x,367,rakedw31_x,,,INTEGER,,Imputation flag for: CHIS2011 RAKED WEIGHT - REPLICATE 31,c0370205V
chis_puf_x,368,rakedw32_x,,,INTEGER,,Imputation flag for: CHIS2011 RAKED WEIGHT - REPLICATE 32,c0370205W
chis_puf_x,369,rakedw33_x,,,INTEGER,,Imputation flag for: CHIS2011 RAKED WEIGHT - REPLICATE 33,c0370205X
chis_puf_x,370,rakedw34_x,,,INTEGER,,Imputation flag for: CHIS2011 RAKED WEIGHT - REPLICATE 34,c0370205Y
chis_puf_x,371,rakedw35_x,,,INTEGER,,Imputation flag for: CHIS2011 RAKED WEIGHT - REPLICATE 35,c0370205Z
chis_puf_x,372,rakedw36_x,,,INTEGER,,Imputation flag for: CHIS2011 RAKED WEIGHT - REPLICATE 36,c03702060
chis_puf_x,373,rakedw37_x,,,INTEGER,,Imputation flag for: CHIS2011 RAKED WEIGHT - REPLICATE 37,c03702061
chis_puf_x,374,rakedw38_x,,,INTEGER,,Imputation flag for: CHIS2011 RAKED WEIGHT - REPLICATE 38,c03702062
chis_puf_x,375,rakedw39_x,,,INTEGER,,Imputation flag for: CHIS2011 RAKED WEIGHT - REPLICATE 39,c03702063
chis_puf_x,376,rakedw4_x,,,INTEGER,,Imputation flag for: CHIS2011 RAKED WEIGHT - REPLICATE 4,c03702064
chis_puf_x,377,rakedw40_x,,,INTEGER,,Imputation flag for: CHIS2011 RAKED WEIGHT - REPLICATE 40,c03702065
chis_puf_x,378,rakedw41_x,,,INTEGER,,Imputation flag for: CHIS2011 RAKED WEIGHT - REPLICATE 41,c03702066
chis_puf_x,379,rakedw42_x,,,INTEGER,,Imputation flag for: CHIS2011 RAKED WEIGHT - REPLICATE 42,c03702067
chis_puf_x,380,rakedw43_x,,,INTEGER,,Imputation flag for: CHIS2011 RAKED WEIGHT - REPLICATE 43,c03702068
chis_puf_x,381,rakedw44_x,,,INTEGER,,Imputation flag for: CHIS2011 RAKED WEIGHT - REPLICATE 44,c03702069
chis_puf_x,382,rakedw45_x,,,INTEGER,,Imputation flag for: CHIS2011 RAKED WEIGHT - REPLICATE 45,c0370206a
chis_puf_x,383,rakedw46_x,,,INTEGER,,Imputation flag for: CHIS2011 RAKED WEIGHT - REPLICATE 46,c0370206b
chis_puf_x,384,rakedw47_x,,,INTEGER,,Imputation flag for: CHIS2011 RAKED WEIGHT - REPLICATE 47,c0370206c
chis_puf_x,385,rakedw48_x,,,INTEGER,,Imputation flag for: CHIS2011 RAKED WEIGHT - REPLICATE 48,c0370206d
chis_puf_x,386,rakedw49_x,,,INTEGER,,Imputation flag for: CHIS2011 RAKED WEIGHT - REPLICATE 49,c0370206e
chis_puf_x,387,rakedw5_x,,,INTEGER,,Imputation flag for: CHIS2011 RAKED WEIGHT - REPLICATE 5,c0370206f
chis_puf_x,388,rakedw50_x,,,INTEGER,,Imputation flag for: CHIS2011 RAKED WEIGHT - REPLICATE 50,c0370206g
chis_puf_x,389,rakedw51_x,,,INTEGER,,Imputation flag for: CHIS2011 RAKED WEIGHT - REPLICATE 51,c0370206h
chis_puf_x,390,rakedw52_x,,,INTEGER,,Imputation flag for: CHIS2011 RAKED WEIGHT - REPLICATE 52,c0370206i
chis_puf_x,391,rakedw53_x,,,INTEGER,,Imputation flag for: CHIS2011 RAKED WEIGHT - REPLICATE 53,c0370206j
chis_puf_x,392,rakedw54_x,,,INTEGER,,Imputation flag for: CHIS2011 RAKED WEIGHT - REPLICATE 54,c0370206k
chis_puf_x,393,rakedw55_x,,,INTEGER,,Imputation flag for: CHIS2011 RAKED WEIGHT - REPLICATE 55,c0370206l
chis_puf_x,394,rakedw56_x,,,INTEGER,,Imputation flag for: CHIS2011 RAKED WEIGHT - REPLICATE 56,c0370206m
chis_puf_x,395,rakedw57_x,,,INTEGER,,Imputation flag for: CHIS2011 RAKED WEIGHT - REPLICATE 57,c0370206n
chis_puf_x,396,rakedw58_x,,,INTEGER,,Imputation flag for: CHIS2011 RAKED WEIGHT - REPLICATE 58,c0370206o
chis_puf_x,397,rakedw59_x,,,INTEGER,,Imputation flag for: CHIS2011 RAKED WEIGHT - REPLICATE 59,c0370206p
chis_puf_x,398,rakedw6_x,,,INTEGER,,Imputation flag for: CHIS2011 RAKED WEIGHT - REPLICATE 6,c0370206q
chis_puf_x,399,rakedw60_x,,,INTEGER,,Imputation flag for: CHIS2011 RAKED WEIGHT - REPLICATE 60,c0370206r
chis_puf_x,400,rakedw61_x,,,INTEGER,,Imputation flag for: CHIS2011 RAKED WEIGHT - REPLICATE 61,c0370206s
chis_puf_x,401,rakedw62_x,,,INTEGER,,Imputation flag for: CHIS2011 RAKED WEIGHT - REPLICATE 62,c0370206t
chis_puf_x,402,rakedw63_x,,,INTEGER,,Imputation flag for: CHIS2011 RAKED WEIGHT - REPLICATE 63,c0370206u
chis_puf_x,403,rakedw64_x,,,INTEGER,,Imputation flag for: CHIS2011 RAKED WEIGHT - REPLICATE 64,c0370206v
chis_puf_x,404,rakedw65_x,,,INTEGER,,Imputation flag for: CHIS2011 RAKED WEIGHT - REPLICATE 65,c0370206w
chis_puf_x,405,rakedw66_x,,,INTEGER,,Imputation flag for: CHIS2011 RAKED WEIGHT - REPLICATE 66,c0370206x
chis_puf_x,406,rakedw67_x,,,INTEGER,,Imputation flag for: CHIS2011 RAKED WEIGHT - REPLICATE 67,c0370206y
chis_puf_x,407,rakedw68_x,,,INTEGER,,Imputation flag for: CHIS2011 RAKED WEIGHT - REPLICATE 68,c0370206z
chis_puf_x,408,rakedw69_x,,,INTEGER,,Imputation flag for: CHIS2011 RAKED WEIGHT - REPLICATE 69,c0370206A
chis_puf_x,409,rakedw7_x,,,INTEGER,,Imputation flag for: CHIS2011 RAKED WEIGHT - REPLICATE 7,c0370206B
chis_puf_x,410,rakedw70_x,,,INTEGER,,Imputation flag for: CHIS2011 RAKED WEIGHT - REPLICATE 70,c0370206C
chis_puf_x,411,rakedw71_x,,,INTEGER,,Imputation flag for: CHIS2011 RAKED WEIGHT - REPLICATE 71,c0370206D
chis_puf_x,412,rakedw72_x,,,INTEGER,,Imputation flag for: CHIS2011 RAKED WEIGHT - REPLICATE 72,c0370206E
chis_puf_x,413,rakedw73_x,,,INTEGER,,Imputation flag for: CHIS2011 RAKED WEIGHT - REPLICATE 73,c0370206F
chis_puf_x,414,rakedw74_x,,,INTEGER,,Imputation flag for: CHIS2011 RAKED WEIGHT - REPLICATE 74,c0370206G
chis_puf_x,415,rakedw75_x,,,INTEGER,,Imputation flag for: CHIS2011 RAKED WEIGHT - REPLICATE 75,c0370206H
chis_puf_x,416,rakedw76_x,,,INTEGER,,Imputation flag for: CHIS2011 RAKED WEIGHT - REPLICATE 76,c0370206I
chis_puf_x,417,rakedw77_x,,,INTEGER,,Imputation flag for: CHIS2011 RAKED WEIGHT - REPLICATE 77,c0370206J
chis_puf_x,418,rakedw78_x,,,INTEGER,,Imputation flag for: CHIS2011 RAKED WEIGHT - REPLICATE 78,c0370206K
chis_puf_x,419,rakedw79_x,,,INTEGER,,Imputation flag for: CHIS2011 RAKED WEIGHT - REPLICATE 79,c0370206L
chis_puf_x,420,rakedw8_x,,,INTEGER,,Imputation flag for: CHIS2011 RAKED WEIGHT - REPLICATE 8,c0370206M
chis_puf_x,421,rakedw80_x,,,INTEGER,,Imputation flag for: CHIS2011 RAKED WEIGHT - REPLICATE 80,c0370206N
chis_puf_x,422,rakedw9_x,,,INTEGER,,Imputation flag for: CHIS2011 RAKED WEIGHT - REPLICATE 9,c0370206O
chis_puf_x,423,rbmi_x,,,INTEGER,,Imputation flag for: BMI DESCRIPTIVE,c0370206P
chis_puf_x,424,rsn_uni2_x,,,INTEGER,,Imputation flag for: REASON FOR UNINSURED STATUS ANYTIME PAST 12 MONTHS,c0370206Q
chis_puf_x,425,rsn_unin_x,,,INTEGER,,Imputation flag for: REASON FOR CURRENTLY UNINSURED STATUS,c0370206R
chis_puf_x,426,served_x,,,INTEGER,,Imputation flag for: LENGTH OF TIME SERVED IN ACTIVE DUTY,c0370206S
chis_puf_x,427,smkcur_x,,,INTEGER,,Imputation flag for: CURRENT SMOKER,c0370206T
chis_puf_x,428,smoking_x,,,INTEGER,,Imputation flag for: CURRENT SMOKING HABITS,c0370206U
chis_puf_x,429,social2_x,,,INTEGER,,Imputation flag for: SOCIAL LIFE IMPAIRMENT PAST 12 MONTHS,c0370206V
chis_puf_x,430,spk_eng_x,,,INTEGER,,Imputation flag for: ENGLISH USE AND PROFICIENCY,c0370206W
chis_puf_x,431,sraa_x,,,INTEGER,,Imputation flag for: SELF-REPORTED AFRICAN AMERICAN,c0370206X
chis_puf_x,432,srage_p_x,,,INTEGER,,Imputation flag for: AGE (PUF RECODE),c0370206Y
chis_puf_x,433,srai_x,,,INTEGER,,Imputation flag for: SELF-REPORTED AMERICAN INDIAN,c0370206Z
chis_puf_x,434,sras_x,,,INTEGER,,Imputation flag for: SELF-REPORTED ASIAN,c03702070
chis_puf_x,435,sraso_x,,,INTEGER,,Imputation flag for: SELF-REPORTED OTHER ASIAN GROUP,c03702071
chis_puf_x,436,srch_x,,,INTEGER,,Imputation flag for: SELF-REPORTED CHINESE,c03702072
chis_puf_x,437,srh_x,,,INTEGER,,Imputation flag for: SELF-REPORTED HISPANIC,c03702073
chis_puf_x,438,srkr_x,,,INTEGER,,Imputation flag for: SELF-REPORTED KOREAN,c03702074
chis_puf_x,439,sro_x,,,INTEGER,,Imputation flag for: SELF-REPORTED OTHER RACE,c03702075
chis_puf_x,440,srph_x,,,INTEGER,,Imputation flag for: SELF-REPORTED FILIPINO,c03702076
chis_puf_x,441,srpi_x,,,INTEGER,,Imputation flag for: SELF-REPORTED PI AND NTV HW,c03702077
chis_puf_x,442,srsex_x,,,INTEGER,,Imputation flag for: GENDER,c03702078
chis_puf_x,443,srtenr_x,,,INTEGER,,Imputation flag for: SELF-REPORTED HOUSEHOLD TENURE (HH),c03702079
chis_puf_x,444,srvt_x,,,INTEGER,,Imputation flag for: SELF-REPORTED VIETNAMESE,c0370207a
chis_puf_x,445,srw_x,,,INTEGER,,Imputation flag for: SELF-REPORTED WHITE,c0370207b
chis_puf_x,446,timead_x,,,INTEGER,,Imputation flag for: LENGTH OF TIME LIVED AT CURRENT ADDRESS (MONTHS),c0370207c
chis_puf_x,447,uninsany_x,,,INTEGER,,Imputation flag for: UNINSURED IN PAST 12 MOS,c0370207d
chis_puf_x,448,ur_bg_x,,,INTEGER,,Imputation flag for: RURAL AND URBAN - CLARITAS (BY BLOCK GROUP),c0370207e
chis_puf_x,449,ur_clrt_x,,,INTEGER,,Imputation flag for: RURAL AND URBAN - CLARITAS (BY ZIPCODE) (4 LVLS),c0370207f
chis_puf_x,450,ur_clrt2_x,,,INTEGER,,Imputation flag for: RURAL AND URBAN - CLARITAS (BY ZIPCODE) (2 LVLS),c0370207g
chis_puf_x,451,ur_ihs_x,,,INTEGER,,Imputation flag for: RURAL AND URBAN - IHS,c0370207h
chis_puf_x,452,ur_omb_x,,,INTEGER,,Imputation flag for: RURAL AND URBAN - OMB,c0370207i
chis_puf_x,453,ur_rhp_x,,,INTEGER,,Imputation flag for: RURAL AND URBAN - RHP,c0370207j
chis_puf_x,454,ur_tract_x,,,INTEGER,,Imputation flag for: RURAL AND URBAN - CLARITAS (BY CENSUS TRACT),c0370207k
chis_puf_x,455,usoc_x,,,INTEGER,,Imputation flag for: USUAL SOURCE OF CARE OTHER THAN ER,c0370207l
chis_puf_x,456,usual_x,,,INTEGER,,Imputation flag for: HAVE USUAL PLACE TO GO TO WHEN SICK OR NEEDING HEALTH ADVICE,c0370207m
chis_puf_x,457,usual5tp_x,,,INTEGER,,Imputation flag for: USUAL SOURCE OF CARE - 5 LVLS,c0370207n
chis_puf_x,458,usual_tp_x,,,INTEGER,,Imputation flag for: USUAL SOURCE OF CARE - 7 LVLS,c0370207o
chis_puf_x,459,weighk_p_x,,,INTEGER,,Imputation flag for: WEIGHT: KG - UCLA (PUF RECODE),c0370207p
chis_puf_x,460,wghtk_p_x,,,INTEGER,,Imputation flag for: WEIGHT: KG (PUF RECODE),c0370207q
chis_puf_x,461,wghtp_p_x,,,INTEGER,,Imputation flag for: WEIGHT: LBS (PUF RECODE),c0370207r
chis_puf_x,462,work2_x,,,INTEGER,,Imputation flag for: WORK IMPAIRMENT PAST 12 MONTHS,c0370207s
chis_puf_x,463,wrkst_x,,,INTEGER,,Imputation flag for: WORKING STATUS,c0370207t
chis_puf_x,464,wrkst_s_x,,,INTEGER,,Imputation flag for: SPOUSE WORKING STATUS,c0370207u
chis_puf_x,465,wt18k_p_x,,,INTEGER,,Imputation flag for: WEIGHT AT 18: KILOS (PUF RECODE),c0370207v
chis_puf_x,466,wt18p_p_x,,,INTEGER,,Imputation flag for: WEIGHT AT 18: LBS (PUF RECODE),c0370207w
chis_puf_x,467,yrus_x,,,INTEGER,,Imputation flag for: YEARS LIVED IN THE U.S.,c0370207x
